,Statement of financial position(Unit: KRW),Statement of financial position(Unit: KRW),20200331,20191231,20190930,20190630,20190331,20181231,20180930,20180630,20180331,20171231,20170930,20170630,20170331,20161231,20160930,20160630,20160331,20151231,20150930,20150630,20150331,20141231,20140930,20140630,20140331,20131231,20130930,20130630,20130331,20121231,20120930,20120630,20120331,20120101,20111231,20110930,20110630,20110331,20101231,20100101,20091231,20081231,20071231,20061231,20051231,20041231,20031231,20021231,20011231
,label_ko,comment,"('연결재무제표',)","('연결재무제표',)","('연결재무제표',)","('연결재무제표',)","('연결재무제표',)","('연결재무제표',)","('연결재무제표',)","('연결재무제표',)","('연결재무제표',)","('연결재무제표',)","('연결재무제표',)","('연결재무제표',)","('연결재무제표',)","('연결재무제표',)","('연결재무제표',)","('연결재무제표',)","('연결재무제표',)","('연결재무제표',)","('연결재무제표',)","('연결재무제표',)","('연결재무제표',)","('연결재무제표',)","('연결재무제표',)","('연결재무제표',)","('연결재무제표',)","('연결재무제표',)","('연결재무제표',)","('연결재무제표',)","('연결재무제표',)","('연결재무제표',)","('연결재무제표',)","('연결재무제표',)","('연결재무제표',)","('연결재무제표',)","('연결재무제표',)","('연결재무제표',)","('연결재무제표',)","('연결재무제표',)","('연결재무제표',)","('연결재무제표',)","('연결재무제표',)","('연결재무제표',)","('연결재무제표',)","('연결재무제표',)","('연결재무제표',)","('연결재무제표',)","('연결재무제표',)","('연결재무제표',)","('연결재무제표',)"
0,자산,,,,,,,,,,,,,,,,,,,,,,,,,,,,,,,,,,,,,,,,,,-3597397000000.0,-3316564000000.0,-2953586000000.0,-1880902000000.0,-1740938000000.0,-1916982000000.0,-2835642000000.0,-785773000000.0,-642743640854.0
1,Ⅰ.현금및예치금,"4,8,20",,,,,,,,,,22668598000000.0,22488936000000.0,20424044000000.0,22348029000000.0,19181165000000.0,19086550000000.0,22485385000000.0,20803333000000.0,22024404000000.0,25278342000000.0,21167219000000.0,20086372000000.0,20584838000000.0,21332254000000.0,18739599000000.0,20505552000000.0,16472509000000.0,20801821000000.0,17609850000000.0,16759628000000.0,13507249000000.0,15650105000000.0,16003438000000.0,17975099000000.0,14799035000000.0,14730932000000.0,16091068000000.0,12547551000000.0,16294385000000.0,11821607000000.0,13371641000000.0,15855307000000.0,13078807000000.0,9677332000000.0,11273500000000.0,8429328000000.0,6712719000000.0,6418280000000.0,2847134000000.0,2356145323846.0
2,Ⅱ.단기매매금융자산,"4,9,20",,,,,,,,,,28464296000000.0,30296963000000.0,31389614000000.0,29621598000000.0,26695953000000.0,28767617000000.0,27508279000000.0,29647003000000.0,22638449000000.0,24880257000000.0,26155416000000.0,26923741000000.0,24362176000000.0,23333807000000.0,21767871000000.0,21172898000000.0,18033298000000.0,18356003000000.0,16473554000000.0,18550799000000.0,16654255000000.0,15619167000000.0,14067050000000.0,12410123000000.0,14520784000000.0,11954266000000.0,10002586000000.0,10421602000000.0,9723790000000.0,9412050000000.0,7883195000000.0,,-3316564000000.0,-2953586000000.0,-1880902000000.0,-1740938000000.0,-1916982000000.0,-2835642000000.0,-785773000000.0,-642743640854.0
3,Ⅲ.당기손익인식지정금융자산,"4,10,20",,,,,,,,,,3579057000000.0,3696362000000.0,3594760000000.0,3418230000000.0,3416102000000.0,3157208000000.0,3128155000000.0,3050043000000.0,3244166000000.0,3470103000000.0,3196021000000.0,3054982000000.0,2737375000000.0,3011078000000.0,2722410000000.0,2714541000000.0,3360765000000.0,3239154000000.0,2855918000000.0,3104682000000.0,2542333000000.0,2665331000000.0,2535647000000.0,2379510000000.0,1800846000000.0,1800846000000.0,2238366000000.0,1982024000000.0,2155939000000.0,2208284000000.0,1695923000000.0,,-3316564000000.0,-2953586000000.0,-1880902000000.0,-1740938000000.0,-1916982000000.0,-2835642000000.0,-785773000000.0,-642743640854.0
4,Ⅳ.파생상품자산,"4,11",5012509000000.0,2829274000000.0,3571770000000.0,2921969000000.0,2255856000000.0,1793613000000.0,1868032000000.0,2796690000000.0,2417935000000.0,3400178000000.0,1891093000000.0,1670477000000.0,2345693000000.0,3002859000000.0,2699358000000.0,1932738000000.0,2236712000000.0,1994714000000.0,2703483000000.0,1661667000000.0,1650876000000.0,1568307000000.0,1558561000000.0,1880777000000.0,1363709000000.0,1717468000000.0,1858969000000.0,1846942000000.0,1882479000000.0,2170765000000.0,2116481000000.0,1973752000000.0,1980367000000.0,2321301000000.0,2319585000000.0,3203179000000.0,2685970000000.0,3192313000000.0,4106196000000.0,4986565000000.0,4679081000000.0,12338757000000.0,2059132000000.0,1432863000000.0,965980000000.0,1722518000000.0,518836000000.0,120443000000.0,91931706286.0
5,Ⅴ.대출채권,"4,12,20",,,,,,,,,,275565766000000.0,274768543000000.0,262448970000000.0,259182874000000.0,259010575000000.0,259444043000000.0,249910394000000.0,245854278000000.0,246441361000000.0,235733801000000.0,230866992000000.0,225087048000000.0,221617689000000.0,215426780000000.0,211871169000000.0,206573536000000.0,205722718000000.0,204910405000000.0,205399573000000.0,201127783000000.0,200288636000000.0,200620315000000.0,192575896000000.0,192170393000000.0,193229389000000.0,192572571000000.0,191461281000000.0,187853415000000.0,183231933000000.0,181347105000000.0,170852950000000.0,166963829000000.0,170345242000000.0,147972764000000.0,122301730000000.0,106648448000000.0,97198851000000.0,94921178000000.0,45244361000000.0,35371371779805.0
6,Ⅵ.매도가능금융자산,"4,13,20",,,,,,,,,,42116937000000.0,41013575000000.0,40287582000000.0,38061873000000.0,37662691000000.0,36739941000000.0,35659805000000.0,34199354000000.0,33966071000000.0,31914638000000.0,31340670000000.0,30576568000000.0,31418014000000.0,30498238000000.0,30990230000000.0,32444137000000.0,33604301000000.0,33518406000000.0,34464644000000.0,34890755000000.0,36283918000000.0,35796834000000.0,33978520000000.0,35776385000000.0,34015741000000.0,34105747000000.0,34035449000000.0,30302805000000.0,31791842000000.0,29451909000000.0,29050106000000.0,,-3316564000000.0,-2953586000000.0,-1880902000000.0,-1740938000000.0,-1916982000000.0,-2835642000000.0,-785773000000.0,-642743640854.0
7,Ⅶ.만기보유금융자산,"4,13,20",,,,,,,,,,24990680000000.0,23800328000000.0,21928681000000.0,20473128000000.0,19805084000000.0,17716500000000.0,16894682000000.0,16439936000000.0,16192060000000.0,16024287000000.0,15606577000000.0,13608884000000.0,13373384000000.0,12683021000000.0,11900511000000.0,11395479000000.0,11031307000000.0,10764425000000.0,11206394000000.0,11323909000000.0,11659682000000.0,11823015000000.0,11853460000000.0,11721486000000.0,11894664000000.0,11894664000000.0,12039222000000.0,12479315000000.0,12596386000000.0,12528902000000.0,12795490000000.0,,-3316564000000.0,-2953586000000.0,-1880902000000.0,-1740938000000.0,-1916982000000.0,-2835642000000.0,-785773000000.0,-642743640854.0
8,Ⅷ.유형자산,"14,20",4098650000000.0,4083328000000.0,3615511000000.0,3548995000000.0,3625836000000.0,3003886000000.0,2984857000000.0,2986520000000.0,2980697000000.0,3021772000000.0,2987458000000.0,3005687000000.0,3122906000000.0,3145613000000.0,3108616000000.0,3114162000000.0,2971975000000.0,3055415000000.0,3006369000000.0,3012579000000.0,3114557000000.0,3147255000000.0,3088276000000.0,3181876000000.0,3194962000000.0,3214303000000.0,3172356000000.0,3174552000000.0,3110087000000.0,3108457000000.0,3005372000000.0,2973417000000.0,3015448000000.0,2993860000000.0,2993860000000.0,2486794000000.0,2956615000000.0,2996211000000.0,2976407000000.0,3003150000000.0,2323874000000.0,2411138000000.0,2407099000000.0,2212386000000.0,1885010000000.0,1858538000000.0,1878795000000.0,927231000000.0,656775560306.0
9,Ⅸ.무형자산,15,5551600000000.0,5558714000000.0,5668153000000.0,5585230000000.0,5624571000000.0,4320134000000.0,4297179000000.0,4313410000000.0,4290102000000.0,4273321000000.0,4224124000000.0,4238392000000.0,4240330000000.0,4226512000000.0,4227507000000.0,4235647000000.0,4262636000000.0,4266339000000.0,4223215000000.0,4220335000000.0,4244863000000.0,4152843000000.0,4168899000000.0,4188829000000.0,4208859000000.0,4226378000000.0,4226280000000.0,4244744000000.0,4253409000000.0,4195496000000.0,4242640000000.0,4253305000000.0,4249268000000.0,4203460000000.0,4203460000000.0,4056272000000.0,4065260000000.0,4048725000000.0,4072901000000.0,4065899000000.0,,-3316564000000.0,-2953586000000.0,-1880902000000.0,-1740938000000.0,-1916982000000.0,-2835642000000.0,-785773000000.0,-642743640854.0
10,Ⅹ.관계기업에대한투자자산,16,2032581000000.0,1452861000000.0,1009837000000.0,840469000000.0,694235000000.0,671330000000.0,763472000000.0,730886000000.0,621690000000.0,631294000000.0,596936000000.0,619540000000.0,517327000000.0,353600000000.0,293142000000.0,236261000000.0,371533000000.0,393006000000.0,391353000000.0,370008000000.0,350682000000.0,341876000000.0,341137000000.0,328493000000.0,297105000000.0,328567000000.0,318173000000.0,320356000000.0,297227000000.0,298518000000.0,262325000000.0,258066000000.0,255486000000.0,248848000000.0,248848000000.0,342117000000.0,316912000000.0,317829000000.0,299812000000.0,246224000000.0,,-3316564000000.0,-2953586000000.0,-1880902000000.0,-1740938000000.0,-1916982000000.0,-2835642000000.0,-785773000000.0,-642743640854.0
11,XI.당기법인세자산,,74565000000.0,88433000000.0,61759000000.0,54496000000.0,72841000000.0,45100000000.0,27795000000.0,27823000000.0,26985000000.0,25015000000.0,17107000000.0,13442000000.0,12215000000.0,12587000000.0,14509000000.0,10844000000.0,9365000000.0,9740000000.0,8788000000.0,4681000000.0,15195000000.0,10643000000.0,4805000000.0,5092000000.0,6154000000.0,6184000000.0,5710000000.0,5755000000.0,8622000000.0,14128000000.0,39013000000.0,14860000000.0,8825000000.0,9022000000.0,9022000000.0,,,,10656000000.0,9626000000.0,,-3316564000000.0,-2953586000000.0,-1880902000000.0,-1740938000000.0,-1916982000000.0,-2835642000000.0,-785773000000.0,-642743640854.0
12,XII.이연법인세자산,42,63040000000.0,218254000000.0,174300000000.0,120309000000.0,248692000000.0,426965000000.0,444569000000.0,490573000000.0,589654000000.0,592283000000.0,497761000000.0,485093000000.0,510263000000.0,641061000000.0,408845000000.0,416427000000.0,313483000000.0,163944000000.0,193666000000.0,195252000000.0,173180000000.0,228356000000.0,119006000000.0,145703000000.0,207362000000.0,196780000000.0,116926000000.0,93933000000.0,37664000000.0,99964000000.0,52389000000.0,84037000000.0,16292000000.0,31464000000.0,29202000000.0,30676000000.0,39306000000.0,22264000000.0,65359000000.0,310429000000.0,447603000000.0,781168000000.0,589656000000.0,100369000000.0,,-1916982000000.0,-2835642000000.0,-785773000000.0,-642743640854.0
13,XIII.투자부동산,17,709638000000.0,488610000000.0,492114000000.0,552716000000.0,483039000000.0,474820000000.0,477786000000.0,490421000000.0,419823000000.0,418303000000.0,438506000000.0,449925000000.0,346677000000.0,353175000000.0,309953000000.0,317364000000.0,249553000000.0,208717000000.0,235359000000.0,231303000000.0,269807000000.0,267529000000.0,320608000000.0,243785000000.0,248072000000.0,690257000000.0,984582000000.0,945681000000.0,769921000000.0,778505000000.0,246252000000.0,251374000000.0,254180000000.0,515362000000.0,275123000000.0,748921000000.0,285570000000.0,245800000000.0,285956000000.0,330340000000.0,,-3316564000000.0,-2953586000000.0,-1880902000000.0,-1740938000000.0,-1916982000000.0,-2835642000000.0,-785773000000.0,-642743640854.0
14,XIV.기타자산,"4,18",36989541000000.0,27878281000000.0,37388347000000.0,34244029000000.0,32317829000000.0,21571918000000.0,28805031000000.0,27314143000000.0,24343912000000.0,16551958000000.0,23060043000000.0,23306592000000.0,20793712000000.0,18168408000000.0,23008885000000.0,24423719000000.0,18131856000000.0,15945927000000.0,17112937000000.0,21083982000000.0,18245860000000.0,14202627000000.0,18912319000000.0,14644256000000.0,13801104000000.0,12449193000000.0,15104995000000.0,20668003000000.0,17537628000000.0,13282907000000.0,16395218000000.0,15641389000000.0,13501558000000.0,10948286000000.0,10887878000000.0,15532833000000.0,18389571000000.0,12459321000000.0,9949034000000.0,9894444000000.0,18583442000000.0,30694774000000.0,18802111000000.0,10753520000000.0,11428939000000.0,12146670000000.0,7023977000000.0,2128042000000.0,2783804062406.0
15,XV.매각예정자산,,55555000000.0,25160000000.0,11886000000.0,8898000000.0,8066000000.0,7574000000.0,7243000000.0,15664000000.0,19888000000.0,7550000000.0,14918000000.0,48072000000.0,1140000000.0,4939000000.0,2854000000.0,11463000000.0,5963000000.0,3690000000.0,323429000000.0,314527000000.0,5624000000.0,8892000000.0,401579000000.0,401247000000.0,674676000000.0,242815000000.0,16678000000.0,19155000000.0,9757000000.0,54412000000.0,258381000000.0,260475000000.0,204609000000.0,15792000000.0,15792000000.0,14014000000.0,14667000000.0,,21229000000.0,18507000000.0,,-3316564000000.0,-2953586000000.0,-1880902000000.0,-1740938000000.0,-1916982000000.0,-2835642000000.0,-785773000000.0,-642743640854.0
16,자산총계,,578098127000000.0,552419581000000.0,545898020000000.0,530150096000000.0,513865397000000.0,459600510000000.0,457706823000000.0,453281983000000.0,433688092000000.0,426307008000000.0,429792653000000.0,413910871000000.0,404995995000000.0,395680324000000.0,398985528000000.0,390285325000000.0,378547023000000.0,370548003000000.0,365500027000000.0,359427229000000.0,347408239000000.0,338021804000000.0,335200368000000.0,323011848000000.0,318808146000000.0,311296843000000.0,317394883000000.0,319329054000000.0,313664350000000.0,304939225000000.0,308792838000000.0,296724686000000.0,295919029000000.0,291547854000000.0,288041796000000.0,292282778000000.0,284340583000000.0,279095328000000.0,268557407000000.0,258514489000000.0,255018087000000.0,264015287000000.0,222236844000000.0,177825538000000.0,160217901000000.0,146831171000000.0,139220776000000.0,66767595000000.0,56329648760070.0
17,,,,,,,,,,,,,,,,,,,,,,,,,,,,,,,,,,,,,,,,,,,-3597397000000.0,-3316564000000.0,-2953586000000.0,-1880902000000.0,-1740938000000.0,-1916982000000.0,-2835642000000.0,-785773000000.0,-642743640854.0
18,부채,,,,,,,,,,,,,,,,,,,,,,,,,,,,,,,,,,,,,,,,,,-3597397000000.0,-3316564000000.0,-2953586000000.0,-1880902000000.0,-1740938000000.0,-1916982000000.0,-2835642000000.0,-785773000000.0,-642743640854.0
19,Ⅰ.예수부채,"4,21",308911196000000.0,294874256000000.0,284141563000000.0,280382075000000.0,273848328000000.0,265000190000000.0,260650514000000.0,259911056000000.0,250965418000000.0,249419224000000.0,248443155000000.0,238010007000000.0,234255594000000.0,235137958000000.0,233151310000000.0,227056797000000.0,219490839000000.0,217676428000000.0,208884971000000.0,201071828000000.0,195989188000000.0,193709738000000.0,188934015000000.0,186562338000000.0,180321861000000.0,178809881000000.0,178861633000000.0,178268124000000.0,175839299000000.0,173295702000000.0,170600101000000.0,166885799000000.0,168248372000000.0,166243830000000.0,163015732000000.0,160803708000000.0,152663844000000.0,154889709000000.0,149416662000000.0,143721212000000.0,147737458000000.0,126763679000000.0,110582065000000.0,99759523000000.0,91538441000000.0,87528060000000.0,87592605000000.0,38722333000000.0,34390191764868.0
20,Ⅱ.단기매매금융부채,"4,22",,,,,,,,,,1848490000000.0,2113547000000.0,2353756000000.0,2624375000000.0,1976760000000.0,2172680000000.0,1809048000000.0,1983212000000.0,2135390000000.0,2626046000000.0,3171378000000.0,2401285000000.0,2688734000000.0,2127685000000.0,1632998000000.0,1920411000000.0,1258283000000.0,1104039000000.0,998780000000.0,763545000000.0,1370723000000.0,903556000000.0,905864000000.0,956408000000.0,704418000000.0,704418000000.0,728749000000.0,532297000000.0,837732000000.0,822977000000.0,346935000000.0,,-3316564000000.0,-2953586000000.0,-1880902000000.0,-1740938000000.0,-1916982000000.0,-2835642000000.0,-785773000000.0,-642743640854.0
21,Ⅲ.당기손익인식지정금융부채,"4,23",,,,,,,,,,8297609000000.0,9085015000000.0,9145279000000.0,8992404000000.0,9233642000000.0,9249812000000.0,9032725000000.0,8973932000000.0,8916332000000.0,8573110000000.0,9678199000000.0,9604918000000.0,8996181000000.0,8471529000000.0,7668231000000.0,6831337000000.0,5909130000000.0,6153518000000.0,5277550000000.0,4766698000000.0,4822197000000.0,4979087000000.0,4803481000000.0,3915993000000.0,3298409000000.0,3298409000000.0,2942640000000.0,2990735000000.0,2395051000000.0,1953519000000.0,1086680000000.0,,-3316564000000.0,-2953586000000.0,-1880902000000.0,-1740938000000.0,-1916982000000.0,-2835642000000.0,-785773000000.0,-642743640854.0
22,Ⅳ.파생상품부채,"4,11",5264980000000.0,2303012000000.0,3414594000000.0,2642265000000.0,2273782000000.0,2439892000000.0,2476196000000.0,3527225000000.0,3044579000000.0,3487661000000.0,2052659000000.0,1887602000000.0,2534647000000.0,3528244000000.0,2992078000000.0,2474014000000.0,2716880000000.0,2599288000000.0,3595273000000.0,1930346000000.0,1691108000000.0,1717555000000.0,1839997000000.0,1904278000000.0,1561873000000.0,2026534000000.0,1896975000000.0,2185999000000.0,1663949000000.0,1904044000000.0,1838253000000.0,1848636000000.0,1675858000000.0,1972197000000.0,1972197000000.0,3065804000000.0,2254554000000.0,2836539000000.0,3535174000000.0,4321119000000.0,4260046000000.0,11703045000000.0,2314618000000.0,1312251000000.0,915494000000.0,1640570000000.0,471442000000.0,112677000000.0,104985412653.0
23,Ⅴ.차입부채,"4,24",36804947000000.0,34863156000000.0,33588567000000.0,31950655000000.0,29274787000000.0,29818542000000.0,28997853000000.0,29186450000000.0,26842146000000.0,27586610000000.0,29420507000000.0,28755963000000.0,25515439000000.0,25294241000000.0,23944363000000.0,24048625000000.0,23196797000000.0,21733865000000.0,24320826000000.0,24974958000000.0,23876928000000.0,22973767000000.0,22697372000000.0,20957059000000.0,22618040000000.0,20142908000000.0,20642793000000.0,23010545000000.0,22897339000000.0,19518040000000.0,22098307000000.0,21375989000000.0,20127721000000.0,20255421000000.0,20033246000000.0,20167935000000.0,18708595000000.0,19135302000000.0,18085459000000.0,17673005000000.0,58002629000000.0,76911841000000.0,66791439000000.0,47658452000000.0,,-1916982000000.0,-2835642000000.0,-785773000000.0,-642743640854.0
24,Ⅵ.사채,"4,25",75115366000000.0,75363364000000.0,72584879000000.0,69745463000000.0,67263045000000.0,63227699000000.0,58104380000000.0,56152232000000.0,52325800000000.0,51340821000000.0,49572020000000.0,47714024000000.0,45019364000000.0,44326785000000.0,44421187000000.0,42642163000000.0,41342684000000.0,41221284000000.0,40341574000000.0,39270034000000.0,38506393000000.0,37334612000000.0,35958329000000.0,35811491000000.0,36453493000000.0,37491439000000.0,38220410000000.0,38426279000000.0,38549741000000.0,38838467000000.0,40484467000000.0,39223894000000.0,40539766000000.0,39735249000000.0,39736958000000.0,40194835000000.0,40297554000000.0,39570346000000.0,40286268000000.0,41362758000000.0,,-3316564000000.0,-2953586000000.0,-1880902000000.0,-1740938000000.0,-1916982000000.0,-2835642000000.0,-785773000000.0,-642743640854.0
25,Ⅶ.확정급여부채,26,,121140000000.0,237377000000.0,223542000000.0,147564000000.0,127348000000.0,98811000000.0,111718000000.0,47295000000.0,7144000000.0,168233000000.0,150553000000.0,143117000000.0,130879000000.0,304884000000.0,259885000000.0,191581000000.0,226130000000.0,355737000000.0,368491000000.0,314180000000.0,309457000000.0,238192000000.0,214047000000.0,126180000000.0,117655000000.0,263000000000.0,243517000000.0,257994000000.0,222333000000.0,424234000000.0,302307000000.0,277012000000.0,275435000000.0,274661000000.0,174852000000.0,172399000000.0,179362000000.0,170052000000.0,146366000000.0,,-3316564000000.0,-2953586000000.0,-1880902000000.0,-1740938000000.0,-1916982000000.0,-2835642000000.0,-785773000000.0,-642743640854.0
26,Ⅷ.충당부채,27,576609000000.0,557024000000.0,571161000000.0,593233000000.0,539301000000.0,508416000000.0,479016000000.0,484865000000.0,475763000000.0,428958000000.0,441776000000.0,437703000000.0,443907000000.0,728888000000.0,716878000000.0,722638000000.0,709096000000.0,698788000000.0,693678000000.0,698508000000.0,652946000000.0,694165000000.0,688647000000.0,734964000000.0,740676000000.0,750283000000.0,791087000000.0,743957000000.0,731794000000.0,747885000000.0,731343000000.0,729976000000.0,858034000000.0,869632000000.0,869592000000.0,847413000000.0,864584000000.0,805771000000.0,859357000000.0,781634000000.0,,-3316564000000.0,-2953586000000.0,-1880902000000.0,-1740938000000.0,-1916982000000.0,-2835642000000.0,-785773000000.0,-642743640854.0
27,Ⅸ.당기법인세부채,,543428000000.0,512757000000.0,458081000000.0,311613000000.0,509556000000.0,430306000000.0,340492000000.0,210595000000.0,360371000000.0,348830000000.0,407853000000.0,334219000000.0,444394000000.0,272728000000.0,183344000000.0,177084000000.0,168946000000.0,142014000000.0,148488000000.0,208720000000.0,326568000000.0,256993000000.0,161379000000.0,230607000000.0,347820000000.0,239174000000.0,142513000000.0,175505000000.0,266920000000.0,253524000000.0,164323000000.0,296373000000.0,729622000000.0,568074000000.0,568074000000.0,,,,251274000000.0,456439000000.0,,-3316564000000.0,-2953586000000.0,-1880902000000.0,-1740938000000.0,-1916982000000.0,-2835642000000.0,-785773000000.0,-642743640854.0
28,Ⅹ.이연법인세부채,42,403987000000.0,451603000000.0,552715000000.0,536757000000.0,353908000000.0,22020000000.0,21856000000.0,24648000000.0,18855000000.0,9982000000.0,7461000000.0,10309000000.0,6989000000.0,10638000000.0,10094000000.0,6847000000.0,10360000000.0,16154000000.0,11154000000.0,10359000000.0,12674000000.0,9549000000.0,10210000000.0,9131000000.0,13249000000.0,14625000000.0,13450000000.0,9912000000.0,50021000000.0,41746000000.0,63698000000.0,14872000000.0,211000000.0,21816000000.0,282000000.0,24861000000.0,119048000000.0,146739000000.0,183500000000.0,366884000000.0,458000000.0,3516000000.0,379734000000.0,296053000000.0,175464000000.0,,-2835642000000.0,-785773000000.0,-642743640854.0
29,XI.보험계약부채,28,52327126000000.0,52163417000000.0,51886753000000.0,51354918000000.0,49658633000000.0,26218882000000.0,25854377000000.0,25409700000000.0,24952054000000.0,24515288000000.0,24009176000000.0,23468447000000.0,22926173000000.0,22377434000000.0,21808336000000.0,21219118000000.0,20649033000000.0,20058284000000.0,19488640000000.0,18906054000000.0,18354395000000.0,17776280000000.0,17241693000000.0,16716826000000.0,16181113000000.0,15656455000000.0,15147134000000.0,14627707000000.0,14110066000000.0,13418559000000.0,12648213000000.0,11927604000000.0,11423092000000.0,10867254000000.0,10867254000000.0,10382645000000.0,9967746000000.0,9526782000000.0,8986380000000.0,7469130000000.0,,-3316564000000.0,-2953586000000.0,-1880902000000.0,-1740938000000.0,-1916982000000.0,-2835642000000.0,-785773000000.0,-642743640854.0
30,XII.기타부채,"4,29",45899320000000.0,38237558000000.0,46293030000000.0,40937097000000.0,40565867000000.0,25199679000000.0,33895904000000.0,34039154000000.0,30850367000000.0,25312773000000.0,30383454000000.0,28954027000000.0,30161454000000.0,20917147000000.0,28486242000000.0,29393471000000.0,28156608000000.0,23310990000000.0,24615941000000.0,27965392000000.0,25369929000000.0,21039865000000.0,26594983000000.0,21057777000000.0,21677727000000.0,19020815000000.0,24620022000000.0,26280837000000.0,25240992000000.0,21592861000000.0,25101877000000.0,20367678000000.0,19898501000000.0,19816727000000.0,19842168000000.0,23010230000000.0,26413619000000.0,21197646000000.0,16811560000000.0,16039934000000.0,28154974000000.0,42387612000000.0,26637528000000.0,18895458000000.0,19712042000000.0,16459020000000.0,10551701000000.0,4336678000000.0,4877799441922.0
31,부채총계,,536156102000000.0,510489200000000.0,504200895000000.0,489413234000000.0,475270984000000.0,422949080000000.0,421690314000000.0,418983090000000.0,400533762000000.0,392603390000000.0,396104856000000.0,381221889000000.0,373067857000000.0,363935344000000.0,367441208000000.0,358847097000000.0,347589968000000.0,338734947000000.0,333825388000000.0,328418754000000.0,317100512000000.0,307506896000000.0,304964031000000.0,293499747000000.0,288793780000000.0,281437182000000.0,287856574000000.0,290248712000000.0,285138358000000.0,276026081000000.0,280202971000000.0,268849162000000.0,268804426000000.0,264628462000000.0,261182991000000.0,262343672000000.0,254984975000000.0,251520979000000.0,241362182000000.0,233772096000000.0,233895061000000.0,246063132000000.0,204011032000000.0,166313433000000.0,150007028000000.0,138996284000000.0,133101761000000.0,62806228000000.0,53066165625064.0
32,,,,,,,,,,,,,,,,,,,,,,,,,,,,,,,,,,,,,,,,,,,-3597397000000.0,-3316564000000.0,-2953586000000.0,-1880902000000.0,-1740938000000.0,-1916982000000.0,-2835642000000.0,-785773000000.0,-642743640854.0
33,자본,,,,,,,,,,,,,,,,,,,,,,,,,,,,,,,,,,,,,,,,,,-3597397000000.0,-3316564000000.0,-2953586000000.0,-1880902000000.0,-1740938000000.0,-1916982000000.0,-2835642000000.0,-785773000000.0,-642743640854.0
34,Ⅰ.지배기업소유주지분,30,40274173000000.0,39177946000000.0,38945044000000.0,38059308000000.0,36163394000000.0,35725625000000.0,35299807000000.0,33587209000000.0,32448301000000.0,32820221000000.0,32795006000000.0,31851253000000.0,31294388000000.0,31109698000000.0,30899036000000.0,30467514000000.0,29991742000000.0,30839655000000.0,30641232000000.0,29981321000000.0,29282732000000.0,29184099000000.0,28915980000000.0,28193899000000.0,27701426000000.0,27542673000000.0,27230032000000.0,26773484000000.0,26510074000000.0,26371891000000.0,26126258000000.0,25416038000000.0,24648470000000.0,24457088000000.0,24396501000000.0,27479244000000.0,26900992000000.0,25110060000000.0,24734387000000.0,22277470000000.0,,-3316564000000.0,-2953586000000.0,-1880902000000.0,-1740938000000.0,-1916982000000.0,-2835642000000.0,-785773000000.0,-642743640854.0
35,(1)자본금,,2773627000000.0,2732463000000.0,2732463000000.0,2732463000000.0,2645053000000.0,2645053000000.0,2645053000000.0,2645053000000.0,2645053000000.0,2645053000000.0,2645053000000.0,2645053000000.0,2645053000000.0,2645053000000.0,2645053000000.0,2645053000000.0,2645053000000.0,2645053000000.0,2645053000000.0,2645053000000.0,2645053000000.0,2645053000000.0,2645053000000.0,2645053000000.0,2645053000000.0,2645053000000.0,2645053000000.0,2645053000000.0,2645053000000.0,2645053000000.0,2645053000000.0,2645053000000.0,2645053000000.0,2645053000000.0,2645053000000.0,2645053000000.0,2645053000000.0,2589553000000.0,2589553000000.0,2589553000000.0,2852473000000.0,2462473000000.0,2462473000000.0,2170758000000.0,2170758000000.0,2083118000000.0,1958530000000.0,1461806000000.0,1461720960000.0
36,(2)신종자본증권,,1731235000000.0,1731235000000.0,1731235000000.0,1731235000000.0,1531759000000.0,1531759000000.0,1531758000000.0,573554000000.0,423921000000.0,423921000000.0,423921000000.0,199455000000.0,498316000000.0,498316000000.0,736898000000.0,736898000000.0,736898000000.0,736898000000.0,736898000000.0,736898000000.0,537443000000.0,537443000000.0,537443000000.0,537443000000.0,537443000000.0,537443000000.0,537443000000.0,537443000000.0,537443000000.0,537443000000.0,537443000000.0,537443000000.0,238582000000.0,238582000000.0,238582000000.0,,,,,,-3597397000000.0,-3316564000000.0,-2953586000000.0,-1880902000000.0,-1740938000000.0,-1916982000000.0,-2835642000000.0,-785773000000.0,-642743640854.0
37,(3)자본잉여금,,11325187000000.0,10565353000000.0,10565353000000.0,10565353000000.0,9904973000000.0,9895488000000.0,9887335000000.0,9887335000000.0,9887335000000.0,9887335000000.0,9887335000000.0,9887335000000.0,9887335000000.0,9887335000000.0,9887335000000.0,9887335000000.0,9887335000000.0,9887335000000.0,9887335000000.0,9887335000000.0,9887335000000.0,9887335000000.0,9887335000000.0,9887335000000.0,9887335000000.0,9887335000000.0,9887199000000.0,9887199000000.0,9887199000000.0,9887199000000.0,9887199000000.0,9887199000000.0,9886849000000.0,9886849000000.0,9886849000000.0,9886749000000.0,9886749000000.0,8834971000000.0,8834971000000.0,8834971000000.0,,-3316564000000.0,-2953586000000.0,-1880902000000.0,-1740938000000.0,-1916982000000.0,-2835642000000.0,-785773000000.0,-642743640854.0
38,(4)자본조정,,-832925000000.0,-1116770000000.0,-1116845000000.0,-855174000000.0,-563656000000.0,-552895000000.0,-420765000000.0,-396886000000.0,-397007000000.0,-398035000000.0,-398004000000.0,-397056000000.0,-395916000000.0,-458461000000.0,-454300000000.0,-392999000000.0,-392999000000.0,-423536000000.0,-423536000000.0,-423577000000.0,-422993000000.0,-393405000000.0,-393648000000.0,-393636000000.0,-393123000000.0,-393128000000.0,-394217000000.0,-393357000000.0,-393128000000.0,-393097000000.0,-392848000000.0,-392848000000.0,-392844000000.0,-392654000000.0,-392654000000.0,-390853000000.0,-390279000000.0,-390853000000.0,-390853000000.0,-390866000000.0,,-3316564000000.0,-2953586000000.0,-1880902000000.0,-1740938000000.0,-1916982000000.0,-2835642000000.0,-785773000000.0,-642743640854.0
39,(5)기타포괄손익누계액,,-264335000000.0,-260156000000.0,5901000000.0,-186978000000.0,-454320000000.0,-753220000000.0,-810602000000.0,-755155000000.0,-815547000000.0,-529734000000.0,-347043000000.0,-252980000000.0,-222275000000.0,-102583000000.0,49003000000.0,254399000000.0,452399000000.0,304771000000.0,500677000000.0,510124000000.0,694827000000.0,637894000000.0,670211000000.0,572631000000.0,649727000000.0,671807000000.0,696224000000.0,754540000000.0,1103189000000.0,980121000000.0,1322756000000.0,1090019000000.0,1247792000000.0,1032780000000.0,1188948000000.0,1260023000000.0,1385381000000.0,1667084000000.0,1629495000000.0,1437048000000.0,,-3316564000000.0,-2953586000000.0,-1880902000000.0,-1740938000000.0,-1916982000000.0,-2835642000000.0,-785773000000.0,-642743640854.0
40,(6)이익잉여금,,25541384000000.0,25525821000000.0,25026937000000.0,24072409000000.0,23099585000000.0,22959440000000.0,22467028000000.0,21633308000000.0,20704546000000.0,20791681000000.0,20583744000000.0,19769446000000.0,18881875000000.0,18640038000000.0,18035047000000.0,17336828000000.0,16663056000000.0,17689134000000.0,17294805000000.0,16625488000000.0,15941067000000.0,15869779000000.0,15569586000000.0,14945073000000.0,14374991000000.0,14194163000000.0,13858330000000.0,13342606000000.0,12730318000000.0,12715172000000.0,12126655000000.0,11649172000000.0,11023038000000.0,11046478000000.0,10829723000000.0,14078272000000.0,13374088000000.0,12409305000000.0,12071221000000.0,9806764000000.0,,-3316564000000.0,-2953586000000.0,-1880902000000.0,-1740938000000.0,-1916982000000.0,-2835642000000.0,-785773000000.0,-642743640854.0
41,Ⅱ.비지배지분,30,1667852000000.0,2752435000000.0,2752081000000.0,2677554000000.0,2431019000000.0,925805000000.0,716702000000.0,711684000000.0,706029000000.0,883397000000.0,892791000000.0,837729000000.0,633750000000.0,635282000000.0,645284000000.0,970714000000.0,965313000000.0,973401000000.0,1033407000000.0,1027154000000.0,1024995000000.0,1330809000000.0,1320357000000.0,1318202000000.0,2312940000000.0,2316988000000.0,2308277000000.0,2306858000000.0,2015918000000.0,2541253000000.0,2463609000000.0,2459486000000.0,2466133000000.0,2462304000000.0,2462304000000.0,2459862000000.0,2454616000000.0,2464289000000.0,2460838000000.0,2464923000000.0,,-3316564000000.0,-2953586000000.0,-1880902000000.0,-1740938000000.0,-1916982000000.0,-2835642000000.0,-785773000000.0,-642743640854.0
42,자본총계,,41942025000000.0,41930381000000.0,41697125000000.0,40736862000000.0,38594413000000.0,36651430000000.0,36016509000000.0,34298893000000.0,33154330000000.0,33703618000000.0,33687797000000.0,32688982000000.0,31928138000000.0,31744980000000.0,31544320000000.0,31438228000000.0,30957055000000.0,31813056000000.0,31674639000000.0,31008475000000.0,30307727000000.0,30514908000000.0,30236337000000.0,29512101000000.0,30014366000000.0,29859661000000.0,29538309000000.0,29080342000000.0,28525992000000.0,28913144000000.0,28589867000000.0,27875524000000.0,27114603000000.0,26919392000000.0,26858805000000.0,29939106000000.0,29355608000000.0,27574349000000.0,27195225000000.0,24742393000000.0,21123026000000.0,17952155000000.0,18225812000000.0,11512105000000.0,10210873000000.0,7834887000000.0,6119015000000.0,3961367000000.0,3263483135006.0
43,부채와자본총계,,578098127000000.0,552419581000000.0,545898020000000.0,530150096000000.0,513865397000000.0,459600510000000.0,457706823000000.0,453281983000000.0,433688092000000.0,426307008000000.0,429792653000000.0,413910871000000.0,404995995000000.0,395680324000000.0,398985528000000.0,390285325000000.0,378547023000000.0,370548003000000.0,365500027000000.0,359427229000000.0,347408239000000.0,338021804000000.0,335200368000000.0,323011848000000.0,318808146000000.0,311296843000000.0,317394883000000.0,319329054000000.0,313664350000000.0,304939225000000.0,308792838000000.0,296724686000000.0,295919029000000.0,291547854000000.0,288041796000000.0,292282778000000.0,284340583000000.0,279095328000000.0,268557407000000.0,258514489000000.0,255018087000000.0,264015287000000.0,222236844000000.0,177825538000000.0,160217901000000.0,146831171000000.0,139220776000000.0,66767595000000.0,56329648760070.0
