,"[D210000] Statement of financial position, current/non-current - Consolidated financial statements (Unit: KRW)","[D210000] Statement of financial position, current/non-current - Consolidated financial statements (Unit: KRW)","[D210000] Statement of financial position, current/non-current - Consolidated financial statements (Unit: KRW)","[D210000] Statement of financial position, current/non-current - Consolidated financial statements (Unit: KRW)","[D210000] Statement of financial position, current/non-current - Consolidated financial statements (Unit: KRW)","[D210000] Statement of financial position, current/non-current - Consolidated financial statements (Unit: KRW)","[D210000] Statement of financial position, current/non-current - Consolidated financial statements (Unit: KRW)",20200331,20191231,20190930,20190630,20190331,20181231,20180930,20180630,20180331,20171231,20170930,20170630,20170331,20161231,20160930,20160630,20160331,20151231,20150930,20150630,20150331,20141231,20140930,20140630,20140331,20131231,20130930,20130630,20130331,20121231,20120930,20120630,20120331,20111231,20110930,20110630,20110331,20101231,20100101,20091231,20081231,20071231,20061231,20051231,20041231,20031231,20021231,20011231,20001231,19991231,19981231,19971231
,concept_id,label_ko,label_en,class0,class1,class2,class3,"('연결재무제표',)","('연결재무제표',)","('연결재무제표',)","('연결재무제표',)","('연결재무제표',)","('연결재무제표',)","('연결재무제표',)","('연결재무제표',)","('연결재무제표',)","('연결재무제표',)","('연결재무제표',)","('연결재무제표',)","('연결재무제표',)","('연결재무제표',)","('연결재무제표',)","('연결재무제표',)","('연결재무제표',)","('연결재무제표',)","('연결재무제표',)","('연결재무제표',)","('연결재무제표',)","('연결재무제표',)","('연결재무제표',)","('연결재무제표',)","('연결재무제표',)","('연결재무제표',)","('연결재무제표',)","('연결재무제표',)","('연결재무제표',)","('연결재무제표',)","('연결재무제표',)","('연결재무제표',)","('연결재무제표',)","('연결재무제표',)","('연결재무제표',)","('연결재무제표',)","('연결재무제표',)","('연결재무제표',)","('연결재무제표',)","('연결재무제표',)","('연결재무제표',)","('연결재무제표',)","('연결재무제표',)","('연결재무제표',)","('연결재무제표',)","('연결재무제표',)","('연결재무제표',)","('연결재무제표',)","('연결재무제표',)","('연결재무제표',)","('연결재무제표',)","('연결재무제표',)"
0,ifrs-full_CurrentAssets,유동자산,Current assets,재무상태표 [abstract],자산 [abstract],유동자산,,14483130000000.0,13171993000000.0,13668184000000.0,13767776000000.0,13625563000000.0,13336768000000.0,13321218000000.0,13120808000000.0,13067589000000.0,13249840000000.0,13720420000000.0,13864805000000.0,14190713000000.0,14937924000000.0,14329577000000.0,14652436000000.0,14241493000000.0,14228424000000.0,14583044000000.0,14208921000000.0,13591705000000.0,13441148000000.0,13050476000000.0,12378520000000.0,11242928000000.0,11042820000000.0,10516887000000.0,10505936000000.0,9696295000000.0,9610665000000.0,9184866000000.0,8861134000000.0,8992059000000.0,8711302000000.0,8480563457953.0,8151364038091.0,8074219451404.0,7872208000000.0,6527596524552.0,5678188033082.0,5820977910893.0,4382679889056.0,3472424962352.0,3075885420652.0,2575612811053.0,2778905755449.0,3115836128783.0,3842493002650.0,4583497466547.0,5602438124991.0,-5597019785.0,-9453983342.0
1,ifrs-full_CashAndCashEquivalents,현금및현금성자산,Cash and cash equivalents,재무상태표 [abstract],자산 [abstract],유동자산,현금및현금성자산,3843704000000.0,2586007000000.0,2560752000000.0,3286579000000.0,2721476000000.0,2241188000000.0,2323877000000.0,2328051000000.0,2345621000000.0,2107242000000.0,1823653000000.0,2042683000000.0,2096316000000.0,2149984000000.0,2344562000000.0,2415803000000.0,2066754000000.0,1997405000000.0,2150565000000.0,2363598000000.0,2369140000000.0,2542381000000.0,2192621000000.0,1549148000000.0,1716561000000.0,1883560000000.0,1299857000000.0,1527294000000.0,1371657000000.0,1854859000000.0,1618625000000.0,1223939000000.0,1422079000000.0,1861917000000.0,1370243398582.0,1432111479133.0,1665159077185.0,1740630000000.0,1382804123244.0,1383852399376.0,909822298360.0,551303677823.0,487447350669.0,427576823640.0,349659637842.0,566711400745.0,543980390603.0,462448620618.0,178210867303.0,160932053012.0,,
2,dart_ShortTermDepositsNotClassifiedAsCashEquivalents,단기금융상품,Short-term deposits not classified as cash equivalents,재무상태표 [abstract],자산 [abstract],유동자산,단기금융상품,1600884000000.0,1711216000000.0,1794357000000.0,1534024000000.0,1449969000000.0,1824955000000.0,1696474000000.0,1542682000000.0,1563209000000.0,1356651000000.0,1419375000000.0,1730701000000.0,1617384000000.0,1445235000000.0,1224875000000.0,1096464000000.0,991096000000.0,1032308000000.0,820775000000.0,459260000000.0,321371000000.0,284202000000.0,228875000000.0,189157000000.0,246962000000.0,266240000000.0,309571000000.0,424949000000.0,383318000000.0,106619000000.0,204668000000.0,193698000000.0,198932000000.0,86912000000.0,49825840688.0,48508927336.0,86170015160.0,92433000000.0,47771935723.0,50869428889.0,50281235627.0,37451580633.0,30463216919.0,21086083187.0,34567980862.0,72502838414.0,138480482947.0,268556536564.0,6655427483.0,1837855648.0,,
3,dart_ShortTermTradeReceivable,매출채권,Short-term trade Receivable,재무상태표 [abstract],자산 [abstract],유동자산,매출채권,1791587000000.0,1984169000000.0,2256176000000.0,1960591000000.0,2376201000000.0,2176726000000.0,1684078000000.0,1680579000000.0,1659039000000.0,1966367000000.0,2398157000000.0,2358582000000.0,2513304000000.0,2555190000000.0,2554370000000.0,2483212000000.0,2431414000000.0,2494795000000.0,1907982000000.0,1946313000000.0,1874006000000.0,1792310000000.0,1892651000000.0,2131305000000.0,1414994000000.0,1313236000000.0,1306416000000.0,1260878000000.0,1276563000000.0,1410161000000.0,1139789000000.0,1461501000000.0,1341116000000.0,986992000000.0,762708828643.0,725821580957.0,,870524000000.0,986920923580.0,77367324800.0,35321628596.0,62518671002.0,35300665928.0,55737340814.0,137204578713.0,76397003577.0,72471645730.0,101342732365.0,83926316679.0,163473270375.0,159944248.0,617219141.0
4,ifrs-full_TradeAndOtherCurrentReceivables,기타채권,Other current receivables,재무상태표 [abstract],자산 [abstract],유동자산,기타채권,1847267000000.0,1755324000000.0,1581289000000.0,1557464000000.0,1302422000000.0,1322349000000.0,1422774000000.0,1400903000000.0,1227561000000.0,1499381000000.0,1551635000000.0,1521152000000.0,1547713000000.0,1795329000000.0,1368846000000.0,1362808000000.0,1424631000000.0,1466410000000.0,1339157000000.0,1248906000000.0,1251877000000.0,1352875000000.0,1292513000000.0,1321386000000.0,1259461000000.0,1254828000000.0,1275424000000.0,1246014000000.0,1170088000000.0,1131801000000.0,907042000000.0,958704000000.0,1020434000000.0,1064631000000.0,951322415894.0,893706110208.0,,975168000000.0,764929675169.0,,,,,,,,,,,,,
5,dart_ShortTermDueFromCustomersForContractWork,미청구공사,Customers for contract work,재무상태표 [abstract],자산 [abstract],유동자산,미청구공사,2456588000000.0,2282472000000.0,2541111000000.0,2592901000000.0,2731232000000.0,2679723000000.0,2950158000000.0,2790210000000.0,2804127000000.0,2896446000000.0,3165013000000.0,3256230000000.0,3308717000000.0,3595809000000.0,3608883000000.0,4040711000000.0,4235416000000.0,4163270000000.0,5409197000000.0,5561444000000.0,5135535000000.0,4889864000000.0,4757765000000.0,4488118000000.0,4206924000000.0,4042256000000.0,4029994000000.0,3668507000000.0,3179513000000.0,2830547000000.0,2859361000000.0,2557341000000.0,2506375000000.0,2420615000000.0,3138284523122.0,2827193463853.0,2364853293801.0,1988598000000.0,1242357014516.0,,,,,,,,,,,,,
6,entity00164478_udf_BS_20203241715217_CurrentAssets,만기보유금융자산,Held-to-maturity investments,재무상태표 [abstract],자산 [abstract],유동자산,만기보유금융자산,,,,,,,,,,16668000000.0,82781000000.0,82563000000.0,164101000000.0,267135000000.0,16944000000.0,17033000000.0,16302000000.0,64739000000.0,20448000000.0,21248000000.0,18789000000.0,22550000000.0,22130000000.0,20938000000.0,20997000000.0,22661000000.0,19646000000.0,24460000000.0,25223000000.0,23503000000.0,24645000000.0,18997000000.0,16983000000.0,19032000000.0,21601470000.0,21457220000.0,22271775000.0,18836000000.0,13031930000.0,,,,,,,,,,,,,
7,ifrs-full_CurrentFinancialAssetsAtAmortisedCost,상각후원가 측정 금융자산,Current financial assets at amortised cost,재무상태표 [abstract],자산 [abstract],유동자산,상각후원가 측정 금융자산,2637000000.0,3280000000.0,4086000000.0,14715000000.0,10313000000.0,14692000000.0,15167000000.0,14013000000.0,22050000000.0,,,,,,,,,,,,,,,,,,,,,,,,,,,,,,,,,,,,,,,,,,,
8,dart_CurrentDerivativeAsset,파생상품자산,Current derivative asset,재무상태표 [abstract],자산 [abstract],유동자산,파생상품자산,,,,3000000.0,7000000.0,9000000.0,10000000.0,14000000.0,22000000.0,,,,,,,,,,357000000.0,,,11000000.0,,,,4000000.0,578000000.0,11000000.0,,1982000000.0,5200000000.0,6816000000.0,6341000000.0,8070000000.0,6642061699.0,3320867345.0,4711565221.0,8898000000.0,18848088598.0,18848088598.0,41507664068.0,,,,,,,,,,,
9,ifrs-full_Inventories,재고자산,Inventories,재무상태표 [abstract],자산 [abstract],유동자산,재고자산,1597460000000.0,1723425000000.0,1783001000000.0,1804761000000.0,1858814000000.0,1947052000000.0,2065555000000.0,2187310000000.0,2243607000000.0,2105517000000.0,1905055000000.0,1089039000000.0,1150608000000.0,1199362000000.0,1223721000000.0,1339284000000.0,1154719000000.0,1328564000000.0,1219549000000.0,1153235000000.0,1313761000000.0,1336864000000.0,1434073000000.0,1449864000000.0,1244046000000.0,1285689000000.0,1126391000000.0,1167354000000.0,1083912000000.0,1128456000000.0,1255339000000.0,1275840000000.0,1411587000000.0,1282738000000.0,1234849827063.0,1259357395346.0,1367338742676.0,1334317000000.0,1137127795319.0,849423666309.0,822063700213.0,402650870651.0,401559126958.0,463767782520.0,228443204080.0,260404314199.0,393838642789.0,536554059777.0,605992077508.0,961035085645.0,-769461088.0,-1488955777.0
10,ifrs-full_CurrentTaxAssets,법인세자산,Current tax assets,재무상태표 [abstract],자산 [abstract],유동자산,법인세자산,2977000000.0,3318000000.0,4362000000.0,5216000000.0,7453000000.0,4898000000.0,7168000000.0,6927000000.0,3815000000.0,3749000000.0,3337000000.0,3277000000.0,3245000000.0,4307000000.0,5094000000.0,4066000000.0,1986000000.0,2196000000.0,2266000000.0,440000000.0,4549000000.0,4923000000.0,4831000000.0,160000000.0,879000000.0,825000000.0,757000000.0,792000000.0,1140000000.0,93000000.0,55000000.0,8000000.0,283000000.0,249000000.0,345108229.0,341365696.0,508268870.0,420000000.0,,,,,,,,,,,,,,
11,dart_OtherCurrentAssets,기타유동자산,Other current assets,재무상태표 [abstract],자산 [abstract],유동자산,기타유동자산,1310998000000.0,1122782000000.0,1134033000000.0,1011522000000.0,1167676000000.0,1125176000000.0,1155957000000.0,1170133000000.0,1205731000000.0,1297819000000.0,1371414000000.0,1780578000000.0,1789325000000.0,1925573000000.0,1982282000000.0,1893055000000.0,1919175000000.0,1674923000000.0,1712748000000.0,1454477000000.0,1302677000000.0,1215168000000.0,1225017000000.0,1228444000000.0,1132104000000.0,969317000000.0,1148253000000.0,1162519000000.0,1204881000000.0,1122644000000.0,1170142000000.0,1164290000000.0,1067929000000.0,980146000000.0,944739984033.0,939545628217.0,875799213658.0,735399000000.0,814958736263.0,,,,,,,,,,,,,
12,ifrs-full_NoncurrentAssets,비유동자산,Non-current assets,재무상태표 [abstract],자산 [abstract],비유동자산,,4893465000000.0,5054979000000.0,4674171000000.0,4651048000000.0,4819624000000.0,4717841000000.0,4859713000000.0,5026421000000.0,5119950000000.0,5182062000000.0,5026376000000.0,5100728000000.0,4980023000000.0,4935519000000.0,4862846000000.0,4977041000000.0,4955975000000.0,5121679000000.0,5156190000000.0,4981540000000.0,4859885000000.0,4803452000000.0,4805938000000.0,4772425000000.0,3650045000000.0,3623681000000.0,3623290000000.0,3083922000000.0,3136468000000.0,3136164000000.0,3397481000000.0,3375679000000.0,3266773000000.0,3160587000000.0,3034753742678.0,3051573184863.0,3048415499251.0,3124205000000.0,2969435518748.0,3002204288124.0,2804255941886.0,2558769351223.0,2434112909658.0,2164538337632.0,2084262073924.0,2129754587211.0,2282806846013.0,2291318439742.0,2680652584352.0,3706136151080.0,-3037055866.0,-4232780230.0
13,dart_LongTermDepositsNotClassifiedAsCashEquivalents,장기금융상품,Long-term deposits not classified as cash equivalents,재무상태표 [abstract],자산 [abstract],비유동자산,장기금융상품,19935000000.0,22304000000.0,15487000000.0,5213000000.0,8108000000.0,7531000000.0,273221000000.0,249976000000.0,481440000000.0,611111000000.0,346947000000.0,403112000000.0,247960000000.0,249782000000.0,2444000000.0,1522000000.0,1509000000.0,101396000000.0,111944000000.0,1865000000.0,1828000000.0,14372000000.0,4212000000.0,34153000000.0,38515000000.0,54123000000.0,8540000000.0,9344000000.0,89041000000.0,89131000000.0,61825000000.0,64935000000.0,49550000000.0,94458000000.0,4666409172.0,27610213739.0,50000000.0,50000000.0,50000000.0,46000000.0,52500000.0,51000000.0,140179500.0,643679500.0,552000000.0,554500000.0,282584550.0,55500000.0,8047500000.0,624450000.0,,
14,dart_LongTermTradeReceivablesGross,장기미수채권,"Long-term trade receivables, gross",재무상태표 [abstract],자산 [abstract],비유동자산,장기미수채권,352838000000.0,358977000000.0,407668000000.0,392885000000.0,386518000000.0,379385000000.0,375836000000.0,376794000000.0,358399000000.0,364030000000.0,388854000000.0,386416000000.0,378537000000.0,409017000000.0,371879000000.0,394422000000.0,390615000000.0,396554000000.0,403935000000.0,380497000000.0,374082000000.0,372070000000.0,347755000000.0,335764000000.0,353774000000.0,349296000000.0,356016000000.0,380542000000.0,368088000000.0,354519000000.0,340185000000.0,350600000000.0,324043000000.0,328457000000.0,335919125275.0,307044230487.0,,324362000000.0,332507095021.0,693786732142.0,771345611657.0,593498980254.0,605904330416.0,680466600268.0,990838488496.0,1095905009463.0,510693655580.0,563024817809.0,454943853505.0,,,
15,dart_LongTermTradeAndOtherNonCurrentReceivablesGross,장기성기타채권,"Other non-current receivables, gross",재무상태표 [abstract],자산 [abstract],비유동자산,장기성기타채권,1089718000000.0,1236123000000.0,803959000000.0,791233000000.0,1017827000000.0,975213000000.0,831905000000.0,968800000000.0,926377000000.0,906373000000.0,947509000000.0,934040000000.0,875230000000.0,895090000000.0,936601000000.0,1014265000000.0,999782000000.0,1003689000000.0,979992000000.0,974175000000.0,797869000000.0,736272000000.0,775890000000.0,689053000000.0,612686000000.0,567922000000.0,595940000000.0,600212000000.0,583835000000.0,516393000000.0,821356000000.0,787758000000.0,686215000000.0,650895000000.0,593190022804.0,571903704970.0,,527819000000.0,530621958779.0,,,,,,,,,,,,,
16,entity00164478_udf_BS_2020324172257370_NoncurrentAssets,매도가능금융자산,Available-for-sale financial assets,재무상태표 [abstract],자산 [abstract],비유동자산,매도가능금융자산,,,,,,,,,,266255000000.0,273901000000.0,279653000000.0,280478000000.0,267404000000.0,295088000000.0,305751000000.0,358604000000.0,429791000000.0,407378000000.0,404770000000.0,454424000000.0,466564000000.0,428710000000.0,396543000000.0,399050000000.0,408322000000.0,479652000000.0,447403000000.0,465703000000.0,558496000000.0,619667000000.0,601866000000.0,662170000000.0,598329000000.0,593319611075.0,654020205340.0,106984960000.0,106985000000.0,118731520000.0,,,,,,,,,,,,,
17,entity00164478_udf_BS_2020324172124186_NoncurrentAssets,만기보유금융자산,Held-to-maturity investments,재무상태표 [abstract],자산 [abstract],비유동자산,만기보유금융자산,,,,,,,,,,25759000000.0,82781000000.0,82563000000.0,164101000000.0,267135000000.0,16944000000.0,17033000000.0,16302000000.0,64739000000.0,20448000000.0,21248000000.0,18789000000.0,22550000000.0,22130000000.0,20938000000.0,20997000000.0,22661000000.0,19646000000.0,24460000000.0,25223000000.0,23503000000.0,24645000000.0,18997000000.0,16983000000.0,19032000000.0,21601470000.0,21457220000.0,22271775000.0,18836000000.0,13031930000.0,,,,,,,,,,,,,
18,ifrs-full_NoncurrentFinancialAssetsMeasuredAtFairValueThroughOtherComprehensiveIncome,기타포괄손익-공정가치 측정 금융자산,Non-current financial assets measured at fair value through other comprehensive income,재무상태표 [abstract],자산 [abstract],비유동자산,기타포괄손익-공정가치 측정 금융자산,57621000000.0,60299000000.0,60318000000.0,60309000000.0,60258000000.0,83468000000.0,81062000000.0,81901000000.0,143916000000.0,,,,,,,,,,,,,,,,,,,,,,,,,,,,,,,,,,,,,,,,,,,
19,ifrs-full_NoncurrentFinancialAssetsAtFairValueThroughProfitOrLossDesignatedUponInitialRecognition,당기손익-공정가치 측정 지정 금융자산,"Non-current financial assets at fair value through profit or loss, designated upon initial recognition or subsequently",재무상태표 [abstract],자산 [abstract],비유동자산,당기손익-공정가치 측정 지정 금융자산,276959000000.0,285980000000.0,300508000000.0,304047000000.0,301933000000.0,298346000000.0,224341000000.0,223563000000.0,,,,,,,,,,,,,,,,,,,,,,,,,,,,,,,,,,,,,,,,,,,,
20,ifrs-full_NoncurrentFinancialAssetsAtAmortisedCost,상각후원가 측정 금융자산,Non-current financial assets at amortised cost,재무상태표 [abstract],자산 [abstract],비유동자산,상각후원가 측정 금융자산,37153000000.0,35720000000.0,35596000000.0,35916000000.0,36809000000.0,37306000000.0,15167000000.0,14013000000.0,22050000000.0,,,,,,,,,,,,,,,,,,,,,,,,,,,,,,,,,,,,,,,,,,,
21,ifrs-full_InvestmentsInSubsidiariesJointVenturesAndAssociates,"종속기업, 공동기업 및 관계기업 투자자산","Investments in subsidiaries, joint ventures and associates",재무상태표 [abstract],자산 [abstract],비유동자산,"종속기업, 공동기업 및 관계기업 투자자산",62344000000.0,62049000000.0,61594000000.0,52625000000.0,53458000000.0,45891000000.0,60213000000.0,73463000000.0,72677000000.0,79319000000.0,,,118549000000.0,,126787000000.0,,104645000000.0,,105263000000.0,,119001000000.0,,133638000000.0,,,,,,,,,,,,,,,,,,,,,,,,,,,,,
22,dart_NonCurrentDerivativeAssets,파생상품자산,Non-current derivative assets,재무상태표 [abstract],자산 [abstract],비유동자산,파생상품자산,,,,3000000.0,7000000.0,,10000000.0,14000000.0,22000000.0,25000000.0,,,,,,,,,357000000.0,,,11000000.0,,,,4000000.0,578000000.0,11000000.0,,1982000000.0,5200000000.0,6816000000.0,6341000000.0,8070000000.0,6642061699.0,3320867345.0,4711565221.0,8898000000.0,18848088598.0,18848088598.0,41507664068.0,,,,,,,,,,,
23,ifrs-full_InvestmentProperty,투자부동산,Investment property,재무상태표 [abstract],자산 [abstract],비유동자산,투자부동산,382881000000.0,382875000000.0,363134000000.0,361990000000.0,379339000000.0,371598000000.0,359218000000.0,386314000000.0,388002000000.0,394196000000.0,372562000000.0,380003000000.0,385624000000.0,390939000000.0,410057000000.0,418785000000.0,164230000000.0,165104000000.0,178326000000.0,175917000000.0,175683000000.0,176414000000.0,154287000000.0,151465000000.0,64365000000.0,64154000000.0,25905000000.0,27892000000.0,27298000000.0,26475000000.0,27792000000.0,28870000000.0,1205000000.0,1205000000.0,,,30695073611.0,30696000000.0,21726280236.0,263987188448.0,231954596277.0,,,,,,,,,,,
24,ifrs-full_PropertyPlantAndEquipment,유형자산,"Property, plant and equipment",재무상태표 [abstract],자산 [abstract],비유동자산,유형자산,1415384000000.0,1419749000000.0,1469622000000.0,1470222000000.0,1435419000000.0,1436574000000.0,1383592000000.0,1391640000000.0,1385794000000.0,1398791000000.0,1426283000000.0,1464541000000.0,1492402000000.0,1498089000000.0,1518212000000.0,1538054000000.0,1770758000000.0,1754185000000.0,1767046000000.0,1707281000000.0,1703706000000.0,1710644000000.0,1744074000000.0,1704255000000.0,1648984000000.0,1638221000000.0,1632144000000.0,1088703000000.0,1142633000000.0,1144030000000.0,1114323000000.0,1134839000000.0,1168769000000.0,1120325000000.0,1093863822385.0,1108770575241.0,1085868720793.0,1097146000000.0,1099195643550.0,997359849726.0,974439583453.0,777774752815.0,709655654465.0,707504488096.0,754501203664.0,916947063248.0,933427894245.0,993416587195.0,1208691767209.0,1183750408907.0,-1261578190.0,-1952706713.0
25,ifrs-full_RightofuseAssets,사용권자산,Right-of-use assets,재무상태표 [abstract],자산 [abstract],비유동자산,사용권자산,78740000000.0,81530000000.0,59000000000.0,60834000000.0,40384000000.0,,,,,,,,,,,,,,,,,,,,,,,,,,,,,,,,,,,,,,,,,,,,,,,
26,ifrs-full_IntangibleAssetsOtherThanGoodwill,무형자산,Intangible assets other than goodwill,재무상태표 [abstract],자산 [abstract],비유동자산,무형자산,699517000000.0,697843000000.0,695322000000.0,691491000000.0,701169000000.0,711198000000.0,723441000000.0,736222000000.0,746159000000.0,760228000000.0,774763000000.0,788413000000.0,794941000000.0,810336000000.0,818421000000.0,831400000000.0,842262000000.0,857312000000.0,861275000000.0,872637000000.0,888937000000.0,874253000000.0,885692000000.0,896983000000.0,85970000000.0,84646000000.0,85373000000.0,86461000000.0,79118000000.0,76780000000.0,74462000000.0,74360000000.0,72597000000.0,44275000000.0,44282413549.0,46324284545.0,43505812150.0,43469000000.0,36852400091.0,4351222884.0,3530482086.0,3110722600.0,2639472111.0,1408692755.0,472232993.0,237682263.0,18156667.0,323843978.0,2865038818.0,2750193877.0,-10662185.0,-12635397.0
27,ifrs-full_DeferredTaxAssets,이연법인세자산,Deferred tax assets,재무상태표 [abstract],자산 [abstract],비유동자산,이연법인세자산,263808000000.0,258932000000.0,264676000000.0,291785000000.0,281432000000.0,252549000000.0,385307000000.0,387692000000.0,338354000000.0,251650000000.0,230749000000.0,197723000000.0,249229000000.0,124633000000.0,200887000000.0,166877000000.0,155182000000.0,135390000000.0,183808000000.0,183319000000.0,187336000000.0,171190000000.0,180821000000.0,223961000000.0,173450000000.0,193658000000.0,156963000000.0,169509000000.0,171492000000.0,154015000000.0,106213000000.0,94478000000.0,66510000000.0,81979000000.0,99423210178.0,71092853943.0,60964008460.0,55274000000.0,42018950390.0,,,,,,,,,,,,,
28,dart_OtherNonCurrentAssets,기타비유동자산,Other non-current assets,재무상태표 [abstract],자산 [abstract],비유동자산,기타비유동자산,156567000000.0,152598000000.0,137287000000.0,132498000000.0,116970000000.0,118782000000.0,123453000000.0,130148000000.0,130291000000.0,124325000000.0,127558000000.0,127952000000.0,127829000000.0,129682000000.0,148236000000.0,165123000000.0,129026000000.0,125149000000.0,109589000000.0,113590000000.0,101375000000.0,101212000000.0,86666000000.0,79121000000.0,68392000000.0,61749000000.0,56960000000.0,59266000000.0,36571000000.0,37795000000.0,63000000000.0,68046000000.0,64531000000.0,67751000000.0,61471038087.0,63662020339.0,64331515380.0,72975000000.0,76452074057.0,684104719012.0,509388573131.0,454548161742.0,673649116895.0,,,,,,,,,
29,ifrs-full_Assets,자산총계,Total assets,재무상태표 [abstract],자산 [abstract],자산총계,,19376595000000.0,18226972000000.0,18342355000000.0,18418824000000.0,18445187000000.0,18054609000000.0,18180931000000.0,18147229000000.0,18187539000000.0,18431902000000.0,18746796000000.0,18965533000000.0,19170736000000.0,19873443000000.0,19192423000000.0,19629477000000.0,19197468000000.0,19350103000000.0,19739234000000.0,19190461000000.0,18451590000000.0,18244600000000.0,17856414000000.0,17150945000000.0,14892973000000.0,14666501000000.0,14140177000000.0,13589858000000.0,12832763000000.0,12746829000000.0,12582347000000.0,12236813000000.0,12258832000000.0,11871889000000.0,11515317200631.0,11202937222954.0,11122634950655.0,10996413000000.0,9497032043300.0,8680392321206.0,8625233852779.0,6941449240279.0,5906537872010.0,5240423758284.0,4659874884977.0,4908660342660.0,5398642974796.0,6133811442392.0,7264150050899.0,9308574276071.0,8634075651.0,13687108638.0
30,ifrs-full_CurrentLiabilities,유동부채,Current liabilities,재무상태표 [abstract],부채 [abstract],유동부채,,7705134000000.0,6770867000000.0,6707559000000.0,6955135000000.0,6933678000000.0,6860875000000.0,6883732000000.0,6899014000000.0,7216994000000.0,7219038000000.0,7551294000000.0,7976043000000.0,8322178000000.0,8749576000000.0,8199049000000.0,8621849000000.0,8401727000000.0,8575299000000.0,8683289000000.0,8314329000000.0,8001407000000.0,8240763000000.0,7758476000000.0,7260221000000.0,6581783000000.0,6909209000000.0,6221896000000.0,6397744000000.0,5886640000000.0,6149756000000.0,6200196000000.0,5934033000000.0,5885210000000.0,5772909000000.0,5429684689462.0,5588030566788.0,5805508811790.0,5692072000000.0,5327969941116.0,4673264034909.0,4675651246278.0,3391139210394.0,2481172492492.0,3001038448979.0,2512860043214.0,2816793353177.0,3426448242560.0,3531537602504.0,6847485039056.0,4066791445437.0,-4263839138.0,-7852352255.0
31,dart_ShortTermTradePayables,매입채무,Short-term trade Payables,재무상태표 [abstract],부채 [abstract],유동부채,매입채무,1963585000000.0,1696586000000.0,1900062000000.0,2158495000000.0,2139728000000.0,2256754000000.0,2370577000000.0,2200674000000.0,2348355000000.0,2347746000000.0,2494377000000.0,2435645000000.0,2492166000000.0,2666981000000.0,2605597000000.0,2884630000000.0,2673446000000.0,2864954000000.0,2748495000000.0,2878951000000.0,2819055000000.0,2916720000000.0,2628455000000.0,2639773000000.0,2357495000000.0,2418312000000.0,2074354000000.0,2149493000000.0,1849142000000.0,2204102000000.0,1853807000000.0,1691980000000.0,1868519000000.0,2206488000000.0,1685210993910.0,1495354262358.0,,1985469000000.0,1408461022896.0,1317963928303.0,1220397138613.0,1102879423798.0,1266899167483.0,1051042982123.0,1115996250041.0,1298787267358.0,1386934477860.0,1213461850609.0,1014676414721.0,710548247863.0,503524975.0,1064325709.0
32,ifrs-full_TradeAndOtherCurrentPayables,기타채무,Other current payables,재무상태표 [abstract],부채 [abstract],유동부채,기타채무,1295296000000.0,1013740000000.0,1123346000000.0,1134144000000.0,1239459000000.0,1182054000000.0,1003739000000.0,946952000000.0,1136242000000.0,879357000000.0,1082752000000.0,905595000000.0,1314909000000.0,1350992000000.0,1157371000000.0,1159643000000.0,1203740000000.0,1147083000000.0,1285137000000.0,1023214000000.0,979265000000.0,985260000000.0,1005677000000.0,1004849000000.0,959635000000.0,1032720000000.0,787452000000.0,834448000000.0,880460000000.0,837673000000.0,726508000000.0,593361000000.0,649782000000.0,573687000000.0,382564867110.0,427687441484.0,,547756000000.0,472416289081.0,,,,,,,,,,,,,
33,dart_AdvancesOnConstructionContracts,공사 및 분양선수금,Advances on construction contracts and house office sales,재무상태표 [abstract],부채 [abstract],유동부채,공사 및 분양선수금,1059811000000.0,934384000000.0,1114256000000.0,1047168000000.0,1278827000000.0,1193947000000.0,1309167000000.0,1328774000000.0,1176569000000.0,1388429000000.0,1478406000000.0,1859183000000.0,2025584000000.0,1986132000000.0,2065675000000.0,2222216000000.0,2508088000000.0,2508349000000.0,2528742000000.0,2438861000000.0,2305010000000.0,2305298000000.0,2285004000000.0,1846162000000.0,1760121000000.0,1755516000000.0,1723592000000.0,1969362000000.0,1901535000000.0,1533432000000.0,1908163000000.0,1896456000000.0,1883120000000.0,1590476000000.0,1847506471675.0,2010448089139.0,,1526150000000.0,1023886529898.0,,,,,,,,,,,,,
34,dart_ShortTermDueToCustomersForContractWork,초과청구공사,Customers for contract work,재무상태표 [abstract],부채 [abstract],유동부채,초과청구공사,2082085000000.0,1886336000000.0,1517849000000.0,1499888000000.0,1495450000000.0,1461712000000.0,1314373000000.0,1499185000000.0,1566314000000.0,1781887000000.0,1647029000000.0,1892813000000.0,1700189000000.0,1910505000000.0,1582100000000.0,1427341000000.0,1223999000000.0,1482801000000.0,1233054000000.0,1127721000000.0,1065918000000.0,1160990000000.0,939274000000.0,973734000000.0,838231000000.0,938329000000.0,791753000000.0,738690000000.0,498525000000.0,706489000000.0,693226000000.0,684277000000.0,747616000000.0,789901000000.0,932360727684.0,1039752707925.0,952617355853.0,938919000000.0,1396542161068.0,,,,,,,,,,,,,
35,ifrs-full_ShorttermBorrowings,단기차입금,Short-term borrowings,재무상태표 [abstract],부채 [abstract],유동부채,단기차입금,492493000000.0,415114000000.0,419603000000.0,293448000000.0,271950000000.0,272242000000.0,285296000000.0,281287000000.0,297008000000.0,362580000000.0,276976000000.0,194370000000.0,202194000000.0,163407000000.0,252284000000.0,356496000000.0,257298000000.0,198536000000.0,438122000000.0,438548000000.0,290607000000.0,275595000000.0,286431000000.0,240740000000.0,172363000000.0,239094000000.0,253682000000.0,206479000000.0,114427000000.0,185900000000.0,358595000000.0,493399000000.0,244970000000.0,169672000000.0,286276910542.0,305295577670.0,221296442165.0,262177000000.0,380524456776.0,380524456776.0,524556963291.0,193298310881.0,265090472006.0,280177815887.0,352380309301.0,192254010365.0,193089431942.0,166277148571.0,1775963021310.0,1611851699291.0,2073454287.0,4730830531.0
36,dart_CurrentPortionOfBonds,유동성장기부채,Current portion of bonds,재무상태표 [abstract],부채 [abstract],유동부채,유동성장기부채,389885000000.0,423036000000.0,409647000000.0,528480000000.0,272736000000.0,328612000000.0,412736000000.0,323584000000.0,417712000000.0,223621000000.0,371979000000.0,472426000000.0,366800000000.0,428436000000.0,384005000000.0,389246000000.0,388691000000.0,238528000000.0,228654000000.0,172887000000.0,332600000000.0,360945000000.0,427697000000.0,306700000000.0,364145000000.0,413978000000.0,486412000000.0,377108000000.0,422282000000.0,439399000000.0,407541000000.0,312099000000.0,186932000000.0,176935000000.0,105495368158.0,103957976283.0,104065763192.0,104029000000.0,349272477714.0,349820666660.0,412205535347.0,465280266660.0,109530266660.0,835044473211.0,187521220717.0,345643225727.0,369862274869.0,307232086150.0,1889659194996.0,1043783252061.0,1282974437.0,1325598303.0
37,dart_CurrentDerivativeLiabilities,파생상품부채,Current derivative liabilities,재무상태표 [abstract],부채 [abstract],유동부채,파생상품부채,,,,,,,,140000000.0,122000000.0,122000000.0,113000000.0,113000000.0,138000000.0,176000000.0,301000000.0,248000000.0,256000000.0,261000000.0,307000000.0,293000000.0,331000000.0,266000000.0,,,,,27000000.0,252000000.0,567000000.0,18000000.0,141000000.0,278000000.0,777000000.0,983000000.0,3494473688.0,1669220836.0,2097005452.0,2839000000.0,18310915267.0,18310915267.0,53911926781.0,,,,,,,,,,,
38,ifrs-full_CurrentTaxLiabilities,법인세부채,Current tax liabilities,재무상태표 [abstract],부채 [abstract],유동부채,법인세부채,115791000000.0,65774000000.0,70905000000.0,133305000000.0,74228000000.0,40094000000.0,85723000000.0,178705000000.0,172410000000.0,155381000000.0,144593000000.0,149457000000.0,156247000000.0,139410000000.0,95310000000.0,127901000000.0,84807000000.0,76462000000.0,104918000000.0,91419000000.0,66608000000.0,14210000000.0,102004000000.0,107561000000.0,79732000000.0,73051000000.0,69045000000.0,88871000000.0,126886000000.0,125676000000.0,85451000000.0,89827000000.0,96808000000.0,89610000000.0,84098691215.0,86650729596.0,121232847281.0,162598000000.0,130647569299.0,,,,,,,,,,,,,
39,ifrs-full_CurrentProvisions,유동성충당부채,Current provisions,재무상태표 [abstract],부채 [abstract],유동부채,유동성충당부채,171582000000.0,172805000000.0,34135000000.0,59142000000.0,42343000000.0,34066000000.0,28399000000.0,49635000000.0,41262000000.0,546000000.0,614000000.0,613000000.0,596000000.0,30000000.0,406842000000.0,406378000000.0,453590000000.0,,440146000000.0,436662000000.0,440065000000.0,,470559000000.0,6974000000.0,362950000000.0,,337561000000.0,348263000000.0,325540000000.0,,278224000000.0,273104000000.0,268697000000.0,,163901754500.0,29643141732.0,24824203972.0,,,,,,,,,,,,,,,
40,ifrs-full_OtherCurrentFinancialLiabilities,기타금융부채,Other current financial liabilities,재무상태표 [abstract],부채 [abstract],유동부채,기타금융부채,30464000000.0,42064000000.0,16287000000.0,16728000000.0,17347000000.0,14493000000.0,16738000000.0,16074000000.0,14261000000.0,10990000000.0,11271000000.0,11209000000.0,11173000000.0,12287000000.0,12939000000.0,15710000000.0,15781000000.0,15820000000.0,16043000000.0,16008000000.0,13093000000.0,16338000000.0,15097000000.0,16172000000.0,15835000000.0,17890000000.0,17549000000.0,19486000000.0,13898000000.0,15861000000.0,15073000000.0,27201000000.0,26711000000.0,28707000000.0,27372515415.0,,,26536000000.0,22613462390.0,,,,,,,,,,,,,
41,dart_CurentPortionOfFinanceLeaseLiabilities,유동성리스부채,Curent portion of finance lease liabilities,재무상태표 [abstract],부채 [abstract],유동부채,유동성리스부채,47705000000.0,58315000000.0,33828000000.0,35204000000.0,19835000000.0,,,,,,,,,,,,,,,,,,,,,,,,,,,,,,,,,,,,,,,,,,,,,,,
42,dart_OtherCurrentLiabilities,기타유동부채,Other current liabilities,재무상태표 [abstract],부채 [abstract],유동부채,기타유동부채,56437000000.0,62713000000.0,67641000000.0,49133000000.0,81775000000.0,76901000000.0,56984000000.0,74004000000.0,46739000000.0,68379000000.0,43297000000.0,54732000000.0,52320000000.0,91396000000.0,43768000000.0,38666000000.0,45877000000.0,42766000000.0,97965000000.0,126339000000.0,129251000000.0,205407000000.0,68837000000.0,117556000000.0,34226000000.0,20319000000.0,18030000000.0,13555000000.0,78918000000.0,100598000000.0,150330000000.0,143786000000.0,178966000000.0,145612000000.0,75303670065.0,87571419765.0,157624722967.0,135599000000.0,125295056727.0,,,,,,,,,,,,,
43,ifrs-full_NoncurrentLiabilities,비유동부채,Non-current liabilities,재무상태표 [abstract],부채 [abstract],비유동부채,,2880938000000.0,2741123000000.0,2747704000000.0,2853902000000.0,3074122000000.0,2901878000000.0,2896480000000.0,2896444000000.0,2847563000000.0,2739926000000.0,2789014000000.0,2762074000000.0,2880662000000.0,2999222000000.0,3265063000000.0,3297631000000.0,3276856000000.0,3384166000000.0,3779241000000.0,3789170000000.0,3514426000000.0,3216531000000.0,3313159000000.0,3276153000000.0,3037253000000.0,2623048000000.0,2759918000000.0,2245026000000.0,2123146000000.0,1841137000000.0,1677428000000.0,1757180000000.0,1900518000000.0,1735506000000.0,1833423773920.0,1562302231300.0,1363779112024.0,1365960000000.0,787826480015.0,927599319196.0,1028108269076.0,1220318800626.0,1584764837197.0,909164693397.0,1266541081670.0,1347934417528.0,1373935150453.0,1909548306662.0,1285522295815.0,2911838213671.0,-3000989428.0,-4156861874.0
44,dart_LongTermTradeAndOtherNonCurrentPayables,장기기타채무,Long-term trade and other non-current payables,재무상태표 [abstract],부채 [abstract],비유동부채,장기기타채무,336155000000.0,394795000000.0,422801000000.0,414717000000.0,383054000000.0,425499000000.0,433528000000.0,486892000000.0,448915000000.0,450026000000.0,398455000000.0,382846000000.0,371142000000.0,452824000000.0,436935000000.0,529120000000.0,489579000000.0,,551742000000.0,478472000000.0,423189000000.0,,393755000000.0,362723000000.0,355697000000.0,,268579000000.0,246124000000.0,235944000000.0,,249702000000.0,263790000000.0,266783000000.0,,286543839774.0,296278215517.0,,,,,,,,,,,,,,,,
45,dart_BondsIssued,사채,Bonds issued,재무상태표 [abstract],부채 [abstract],비유동부채,사채,1426607000000.0,1247435000000.0,1247184000000.0,1246935000000.0,1496525000000.0,1347438000000.0,1347194000000.0,1446844000000.0,1446581000000.0,1347463000000.0,1437172000000.0,1436938000000.0,1536632000000.0,1536389000000.0,1686193000000.0,1636320000000.0,1636111000000.0,1735733000000.0,1845293000000.0,1944860000000.0,1695304000000.0,1346313000000.0,1445956000000.0,1147017000000.0,1246695000000.0,1047146000000.0,847675000000.0,947337000000.0,847758000000.0,847563000000.0,797916000000.0,797716000000.0,997178000000.0,897323000000.0,897071056200.0,697665459623.0,548365743728.0,548205000000.0,199496062047.0,200000000000.0,340010000000.0,783830135150.0,1222960123600.0,590000000000.0,906532591810.0,935856197000.0,971082417329.0,1141712110000.0,197512386880.0,1448648756840.0,2267629250.0,1634785018.0
46,dart_LongTermBorrowingsGross,장기차입금,"Long-term borrowings, gross",재무상태표 [abstract],부채 [abstract],비유동부채,장기차입금,503483000000.0,503417000000.0,364714000000.0,486067000000.0,491730000000.0,458363000000.0,469927000000.0,336609000000.0,348171000000.0,348102000000.0,359664000000.0,370047000000.0,381609000000.0,431693000000.0,387497000000.0,398693000000.0,401962000000.0,459873000000.0,466572000000.0,478177000000.0,509276000000.0,614570000000.0,635632000000.0,994644000000.0,762053000000.0,601358000000.0,1034322000000.0,444450000000.0,475307000000.0,223380000000.0,193815000000.0,266339000000.0,212726000000.0,181197000000.0,250723167401.0,161071907420.0,79282322282.0,77705000000.0,44639942303.0,182894598680.0,169095966680.0,131704066680.0,92133666680.0,75703266680.0,140039227991.0,170022223171.0,175053536792.0,173524924500.0,265022529857.0,109653493585.0,425169755.0,1809156029.0
47,dart_NonCurrentDerivativeLiabilities,파생상품부채,Non-current derivative liabilities,재무상태표 [abstract],부채 [abstract],비유동부채,파생상품부채,,,,,,,,140000000.0,35000000.0,55000000.0,113000000.0,113000000.0,138000000.0,176000000.0,301000000.0,248000000.0,256000000.0,261000000.0,2159000000.0,381000000.0,331000000.0,266000000.0,,,,,27000000.0,252000000.0,567000000.0,626000000.0,1502000000.0,1647000000.0,1786000000.0,1821000000.0,3494473688.0,1669220836.0,2097005452.0,2839000000.0,18310915267.0,18310915267.0,53911926781.0,,,,,,,,,,,
48,dart_PostemploymentBenefitObligations,순확정급여부채,Post-employment benefit obligations,재무상태표 [abstract],부채 [abstract],비유동부채,순확정급여부채,14103000000.0,7941000000.0,1975000000.0,7417000000.0,27212000000.0,17034000000.0,24083000000.0,15509000000.0,12415000000.0,2349000000.0,66472000000.0,48781000000.0,32711000000.0,,228507000000.0,204679000000.0,185770000000.0,,369319000000.0,348431000000.0,349668000000.0,,282798000000.0,263443000000.0,241537000000.0,,206497000000.0,191321000000.0,193560000000.0,,109951000000.0,103709000000.0,97220000000.0,,183403928267.0,202582130088.0,214739318416.0,,,,,,,,,,,,,,,
49,ifrs-full_NoncurrentProvisionsForEmployeeBenefits,장기종업원급여충당부채,Non-current provisions for employee benefits,재무상태표 [abstract],부채 [abstract],비유동부채,장기종업원급여충당부채,26868000000.0,27833000000.0,21330000000.0,21058000000.0,20653000000.0,21291000000.0,19233000000.0,18849000000.0,18510000000.0,19206000000.0,17691000000.0,17614000000.0,17138000000.0,17725000000.0,16083000000.0,15984000000.0,15572000000.0,9401000000.0,11424000000.0,11412000000.0,11267000000.0,11601000000.0,12144000000.0,11978000000.0,11678000000.0,11818000000.0,15532000000.0,15148000000.0,14730000000.0,16043000000.0,16466000000.0,15836000000.0,17270000000.0,16709000000.0,13392632303.0,12910981801.0,13779593575.0,13385000000.0,7739889918.0,,,,,,,,,,,,,
50,ifrs-full_NoncurrentProvisions,충당부채,Non-current provisions,재무상태표 [abstract],부채 [abstract],비유동부채,충당부채,373973000000.0,388254000000.0,487901000000.0,475598000000.0,453011000000.0,451076000000.0,423913000000.0,412800000000.0,396249000000.0,404869000000.0,614000000.0,613000000.0,596000000.0,,406842000000.0,406378000000.0,453590000000.0,387952000000.0,440146000000.0,436662000000.0,440065000000.0,405840000000.0,470559000000.0,6974000000.0,362950000000.0,351774000000.0,337561000000.0,348263000000.0,325540000000.0,322685000000.0,278224000000.0,273104000000.0,268697000000.0,279470000000.0,163901754500.0,29643141732.0,24824203972.0,192621000000.0,119848848235.0,,,,,,,,,,,,,
51,ifrs-full_OtherNoncurrentFinancialLiabilities,기타금융부채,Other non-current financial liabilities,재무상태표 [abstract],부채 [abstract],비유동부채,기타금융부채,109972000000.0,96196000000.0,120852000000.0,116124000000.0,113837000000.0,113404000000.0,110894000000.0,110204000000.0,108044000000.0,100039000000.0,11271000000.0,11209000000.0,11173000000.0,12287000000.0,12939000000.0,15710000000.0,15781000000.0,15820000000.0,16043000000.0,16008000000.0,13093000000.0,16338000000.0,15097000000.0,16172000000.0,15835000000.0,17890000000.0,17549000000.0,19486000000.0,13898000000.0,15861000000.0,15073000000.0,27201000000.0,26711000000.0,28707000000.0,27372515415.0,,,26536000000.0,22613462390.0,,,,,,,,,,,,,
52,ifrs-full_NoncurrentLeaseLiabilities,리스부채,Non-current lease liabilities,재무상태표 [abstract],부채 [abstract],비유동부채,리스부채,21444000000.0,15311000000.0,,,,,,,,,,,,,,,,,,,,,,,,,,,,,,,,,,,,,,,,,,,,,,,,,,
53,dart_OtherNonCurrentLiabilities,기타비유동부채,Other non-current liabilities,재무상태표 [abstract],부채 [abstract],비유동부채,기타비유동부채,55079000000.0,56756000000.0,61613000000.0,61587000000.0,58709000000.0,59416000000.0,58730000000.0,58629000000.0,58174000000.0,57437000000.0,16483000000.0,16053000000.0,16969000000.0,20247000000.0,21831000000.0,27149000000.0,24817000000.0,24467000000.0,20918000000.0,19785000000.0,16722000000.0,17190000000.0,13686000000.0,14629000000.0,12581000000.0,12914000000.0,11500000000.0,11904000000.0,11594000000.0,12224000000.0,10760000000.0,12170000000.0,13470000000.0,13734000000.0,13045371439.0,12039714840.0,11761723986.0,12690000000.0,11887512288.0,,,,,,,,,,,,,
54,ifrs-full_DeferredTaxLiabilities,이연법인세부채,Deferred tax liabilities,재무상태표 [abstract],부채 [abstract],비유동부채,이연법인세부채,13254000000.0,3185000000.0,2705000000.0,7415000000.0,8870000000.0,8357000000.0,8978000000.0,10108000000.0,10469000000.0,10380000000.0,3768000000.0,3815000000.0,3716000000.0,4187000000.0,6810000000.0,7327000000.0,2726000000.0,2912000000.0,3095000000.0,3304000000.0,3517000000.0,3721000000.0,80000000.0,6966000000.0,4270000000.0,3397000000.0,1382000000.0,3254000000.0,3091000000.0,125000000.0,102000000.0,125000000.0,33000000.0,,21239880.0,,,,522605705.0,,,,,,,,,,,,,
55,ifrs-full_Liabilities,부채총계,Total liabilities,재무상태표 [abstract],부채 [abstract],부채총계,,10586072000000.0,9511990000000.0,9455263000000.0,9809037000000.0,10007800000000.0,9762753000000.0,9780212000000.0,9795458000000.0,10064557000000.0,9958964000000.0,10340308000000.0,10738117000000.0,11202840000000.0,11748798000000.0,11464112000000.0,11919480000000.0,11678583000000.0,11959465000000.0,12462530000000.0,12103499000000.0,11515833000000.0,11457294000000.0,11071635000000.0,10536374000000.0,9619036000000.0,9532257000000.0,8981814000000.0,8642770000000.0,8009786000000.0,7990893000000.0,7877624000000.0,7691213000000.0,7785728000000.0,7508415000000.0,7263108463382.0,7150332798088.0,7169287923814.0,7058032000000.0,6115796421131.0,5600863354105.0,5703759515354.0,4611458011020.0,4065937329689.0,3910203142376.0,3779401124884.0,4164727770705.0,4800383393013.0,5441085909166.0,8133007334871.0,6978629659108.0,7264828566.0,12025187896.0
56,ifrs-full_EquityAttributableToOwnersOfParent,지배기업소유주지분,Equity attributable to owners of parent,재무상태표 [abstract],자본 [abstract],지배기업소유주지분,,6748668000000.0,6662556000000.0,6796882000000.0,6580409000000.0,6410214000000.0,6274094000000.0,6379320000000.0,6377907000000.0,6190330000000.0,6467646000000.0,6484289000000.0,6392858000000.0,6185878000000.0,6329025000000.0,5979430000000.0,6006117000000.0,5853969000000.0,,5701764000000.0,5554686000000.0,5449901000000.0,5291515000000.0,5311711000000.0,5186102000000.0,4941812000000.0,4822604000000.0,4859166000000.0,4713519000000.0,4597085000000.0,4548542000000.0,4512567000000.0,4367634000000.0,4306664000000.0,4203075000000.0,4108897627521.0,,,3827806000000.0,,,,,,,,,,,,,,
57,ifrs-full_IssuedCapital,자본금,Issued capital,재무상태표 [abstract],자본 [abstract],지배기업소유주지분,자본금,557273000000.0,557273000000.0,557273000000.0,557273000000.0,557273000000.0,557273000000.0,557273000000.0,557273000000.0,557273000000.0,557273000000.0,557273000000.0,557273000000.0,557273000000.0,557273000000.0,557273000000.0,557273000000.0,557273000000.0,557273000000.0,557273000000.0,557273000000.0,557273000000.0,557273000000.0,557273000000.0,557273000000.0,557273000000.0,557273000000.0,557273000000.0,557273000000.0,557273000000.0,557273000000.0,557273000000.0,557273000000.0,557273000000.0,557273000000.0,557273105000.0,557273105000.0,557273105000.0,557273000000.0,557273105000.0,557273105000.0,555486100000.0,554755150000.0,553670400000.0,547153025000.0,545793800000.0,279806045000.0,2444329335000.0,2425530855000.0,1632017910000.0,1335390580000.0,-529321535.0,-299321535.0
58,dart_CapitalSurplus,기타불입자본,Capital surplus,재무상태표 [abstract],자본 [abstract],지배기업소유주지분,기타불입자본,1013458000000.0,1013764000000.0,1012688000000.0,1012688000000.0,996843000000.0,997930000000.0,1026700000000.0,1026700000000.0,1028151000000.0,1028151000000.0,1028151000000.0,1035454000000.0,1035454000000.0,1035424000000.0,1035424000000.0,1035424000000.0,1035424000000.0,1035424000000.0,1025274000000.0,1025274000000.0,1024542000000.0,1024542000000.0,1024187000000.0,1024187000000.0,826320000000.0,826320000000.0,826320000000.0,826308000000.0,826174000000.0,826174000000.0,826174000000.0,826174000000.0,826173000000.0,822809000000.0,822808763591.0,822808763591.0,822808763591.0,822809000000.0,824028763161.0,,,,,,,,,,,,,
59,dart_ElementsOfOtherStockholdersEquity,기타자본구성요소,Elements of other stockholder's equity,재무상태표 [abstract],자본 [abstract],지배기업소유주지분,기타자본구성요소,-175595000000.0,-233700000000.0,-131452000000.0,-184906000000.0,-194502000000.0,-267546000000.0,-235525000000.0,-173814000000.0,-140216000000.0,68973000000.0,109008000000.0,67385000000.0,-5102000000.0,114516000000.0,-37638000000.0,85925000000.0,71568000000.0,40406000000.0,28661000000.0,-13174000000.0,-12579000000.0,11366000000.0,-42215000000.0,-78551000000.0,-14640000000.0,-20520000000.0,47727000000.0,55233000000.0,52793000000.0,85856000000.0,133549000000.0,145244000000.0,189109000000.0,148268000000.0,152715109509.0,192374768048.0,276036917458.0,307929000000.0,186728095680.0,,,,,,,,,,,,,
60,ifrs-full_RetainedEarnings,이익잉여금,Retained earnings,재무상태표 [abstract],자본 [abstract],지배기업소유주지분,이익잉여금,5353532000000.0,5325219000000.0,5358373000000.0,5195354000000.0,5050600000000.0,4986437000000.0,5030872000000.0,4967748000000.0,4745122000000.0,4813249000000.0,4789857000000.0,4732746000000.0,4598253000000.0,4621812000000.0,4424371000000.0,4327495000000.0,4189704000000.0,4087191000000.0,4090556000000.0,3985313000000.0,3880665000000.0,3698334000000.0,3772466000000.0,3683193000000.0,3572859000000.0,3459531000000.0,3427846000000.0,3274705000000.0,3160845000000.0,3079239000000.0,2995571000000.0,2838943000000.0,2734109000000.0,2674725000000.0,2576100649421.0,2356514181597.0,2183061682414.0,2139795000000.0,1728934204010.0,,,,,,,,,,,,,
61,ifrs-full_NoncontrollingInterests,비지배주주지분,Non-controlling interests,재무상태표 [abstract],자본 [abstract],비지배주주지분,,2041855000000.0,2052426000000.0,2090210000000.0,2029378000000.0,2027173000000.0,2017762000000.0,2021399000000.0,1973864000000.0,1932652000000.0,2005292000000.0,1922199000000.0,1834558000000.0,1782018000000.0,1795620000000.0,1748881000000.0,1703880000000.0,1664916000000.0,,1574940000000.0,1532276000000.0,1485856000000.0,1495791000000.0,1473068000000.0,1428469000000.0,332125000000.0,311640000000.0,299197000000.0,233569000000.0,225892000000.0,207394000000.0,192156000000.0,177966000000.0,166440000000.0,160399000000.0,143311109728.0,123633606630.0,114166558378.0,110575000000.0,,,,,,,,,,,,,,
62,ifrs-full_Equity,자본총계,Total equity,재무상태표 [abstract],자본 [abstract],자본총계,,8790523000000.0,8714982000000.0,8887092000000.0,8609787000000.0,8437387000000.0,8291856000000.0,8400719000000.0,8351771000000.0,8122982000000.0,8472938000000.0,8406488000000.0,8227416000000.0,7967896000000.0,8124645000000.0,7728311000000.0,7709997000000.0,7518885000000.0,7390638000000.0,7276704000000.0,7086962000000.0,6935757000000.0,6787306000000.0,6784779000000.0,6614571000000.0,5273937000000.0,5134244000000.0,5158363000000.0,4947088000000.0,4822977000000.0,4755936000000.0,4704723000000.0,4545600000000.0,4473104000000.0,4363474000000.0,4252208737249.0,4052604424866.0,3953347026841.0,3938381000000.0,3381235622169.0,3079528967101.0,2921474337425.0,2329991229259.0,1840600542321.0,1330220615908.0,880473760093.0,743932571955.0,598259581783.0,692725533226.0,-868857283972.0,2329944616963.0,1364301945.0,1200091080.0
63,ifrs-full_EquityAndLiabilities,자본과부채총계,Total equity and liabilities,재무상태표 [abstract],자본과부채총계,,,19376595000000.0,18226972000000.0,18342355000000.0,18418824000000.0,18445187000000.0,18054609000000.0,18180931000000.0,18147229000000.0,18187539000000.0,18431902000000.0,18746796000000.0,18965533000000.0,19170736000000.0,19873443000000.0,19192423000000.0,19629477000000.0,19197468000000.0,19350103000000.0,19739234000000.0,19190461000000.0,18451590000000.0,,17856414000000.0,17150945000000.0,14892973000000.0,,14140177000000.0,13589858000000.0,12832763000000.0,,12582347000000.0,12236813000000.0,12258832000000.0,,11515317200631.0,11202937222954.0,11122634950655.0,10996413000000.0,9497032043300.0,,,,,,,,,,,,,
