,"[D520000] Statement of cash flows, indirect method - Consolidated financial statements (Unit: KRW)","[D520000] Statement of cash flows, indirect method - Consolidated financial statements (Unit: KRW)","[D520000] Statement of cash flows, indirect method - Consolidated financial statements (Unit: KRW)","[D520000] Statement of cash flows, indirect method - Consolidated financial statements (Unit: KRW)","[D520000] Statement of cash flows, indirect method - Consolidated financial statements (Unit: KRW)","[D520000] Statement of cash flows, indirect method - Consolidated financial statements (Unit: KRW)","[D520000] Statement of cash flows, indirect method - Consolidated financial statements (Unit: KRW)",20200101-20200331,20190101-20191231,20190101-20190930,20190101-20190630,20190101-20190331,20180101-20181231,20180101-20180930,20180101-20180630,20180101-20180331,20170101-20171231,20170101-20170930,20170101-20170630,20170101-20170331,20160101-20161231,20160101-20160930,20160101-20160630,20160101-20160331,20150101-20151231,20150101-20150930,20150101-20150630,20150101-20150331,20140101-20141231,20140101-20140930,20140101-20140630,20140101-20140331,20130101-20131231,20130101-20130930,20130101-20130630,20130101-20130331,20120101-20121231,20120101-20120930,20120101-20120630,20120101-20120331,20110101-20111231,20110101-20110930,20110101-20110630,20110101-20110331,20100101-20101231,20100101-20100930,20100101-20100630,20100101-20100331,20090101-20091231,20090101-20090930,20090101-20090630,20090101-20090331,20080101-20081231,20070101-20071231,20060101-20061231,20050101-20051231,20040101-20041231,20030101-20031231,20020101-20021231,20010101-20011231,20000101-20001231,19990101-19991231,19980101-19981231,19970101-19971231
,concept_id,label_ko,label_en,class0,class1,class2,class3,"('연결재무제표',)","('연결재무제표',)","('연결재무제표',)","('연결재무제표',)","('연결재무제표',)","('연결재무제표',)","('연결재무제표',)","('연결재무제표',)","('연결재무제표',)","('연결재무제표',)","('연결재무제표',)","('연결재무제표',)","('연결재무제표',)","('연결재무제표',)","('연결재무제표',)","('연결재무제표',)","('연결재무제표',)","('연결재무제표',)","('연결재무제표',)","('연결재무제표',)","('연결재무제표',)","('연결재무제표',)","('연결재무제표',)","('연결재무제표',)","('연결재무제표',)","('연결재무제표',)","('연결재무제표',)","('연결재무제표',)","('연결재무제표',)","('연결재무제표',)","('연결재무제표',)","('연결재무제표',)","('연결재무제표',)","('연결재무제표',)","('연결재무제표',)","('연결재무제표',)","('연결재무제표',)","('연결재무제표',)","('연결재무제표',)","('연결재무제표',)","('연결재무제표',)","('연결재무제표',)","('연결재무제표',)","('연결재무제표',)","('연결재무제표',)","('연결재무제표',)","('연결재무제표',)","('연결재무제표',)","('연결재무제표',)","('연결재무제표',)","('연결재무제표',)","('연결재무제표',)","('연결재무제표',)","('연결재무제표',)","('연결재무제표',)","('연결재무제표',)","('연결재무제표',)"
0,ifrs-full_CashFlowsFromUsedInOperatingActivities,영업활동으로 인한 현금흐름,Cash flows from (used in) operating activities,현금흐름표 [abstract],영업활동으로 인한 현금흐름,,,250740000000.0,818667000000.0,702374000000.0,680703000000.0,256609000000.0,494943000000.0,198301000000.0,55915000000.0,-64968000000.0,1058441000000.0,558664000000.0,523985000000.0,278878000000.0,878198000000.0,556650000000.0,457764000000.0,143699000000.0,886292000000.0,629063000000.0,541480000000.0,287083000000.0,600272000000.0,395180000000.0,357538000000.0,55868000000.0,735995000000.0,358813000000.0,316150000000.0,-19490000000.0,596599000000.0,305922000000.0,264862000000.0,-14964000000.0,710814000000.0,239763000000.0,247004000000.0,-41526000000.0,910160000000.0,633638000000.0,543987000000.0,52622000000.0,441676000000.0,142156000000.0,180547000000.0,-158058000000.0,10216558000000.0,8806895000000.0,6311663000000.0,6582770000000.0,6228575000000.0,5005040000000.0,2703793000000.0,-55574672000.0,979247901000.0,1030749277000.0,967791909.0,285761991.0
1,dart_ProfitLossForStatementOfCashFlows,당기순이익,Profit (loss),현금흐름표 [abstract],영업활동으로 인한 현금흐름,당기순이익,,,1106755000000.0,,,,1882897000000.0,,,,2435559000000.0,,,753458000000.0,1091258000000.0,917303000000.0,647061000000.0,292245000000.0,943775000000.0,775409000000.0,455199000000.0,157081000000.0,834264000000.0,646413000000.0,421842000000.0,164696000000.0,830863000000.0,635387000000.0,397586000000.0,177797000000.0,961702000000.0,847817000000.0,563180000000.0,277237000000.0,1029832000000.0,839449000000.0,674212000000.0,305298000000.0,1601561000000.0,1373621000000.0,1006007000000.0,383919000000.0,1582977000000.0,1232022000000.0,688782000000.0,58010000000.0,2966795000000.0,3632135000000.0,918851000000.0,,,,,,,,100000000.0,
2,entity00120021_udf_CF_201711314563601_CashFlowsFromUsedInOperatingActivities,비용가산:,Additions of expenses not involving cash outflow:,현금흐름표 [abstract],영업활동으로 인한 현금흐름,비용가산:,,117360000000.0,598475000000.0,397355000000.0,303685000000.0,124248000000.0,392928000000.0,409302000000.0,284112000000.0,156756000000.0,819221000000.0,628771000000.0,345113000000.0,179886000000.0,716206000000.0,508217000000.0,338874000000.0,173763000000.0,670675000000.0,490455000000.0,306598000000.0,161147000000.0,639850000000.0,446262000000.0,279770000000.0,141708000000.0,767057000000.0,548822000000.0,408807000000.0,181032000000.0,699887000000.0,503707000000.0,345079000000.0,171768000000.0,764334000000.0,490571000000.0,294264000000.0,159215000000.0,725983000000.0,578370000000.0,435089000000.0,261539000000.0,666605000000.0,493920000000.0,322274000000.0,185761000000.0,,,,,,,,,,,100000000.0,
3,entity00120021_udf_CF_2017113145623673_udf_CF_201711314563601_CashFlowsFromUsedInOperatingActivities,급여및상여,Salaries and bonuses,현금흐름표 [abstract],영업활동으로 인한 현금흐름,비용가산:,급여및상여,229000000.0,2701000000.0,623000000.0,419000000.0,211000000.0,1172000000.0,609000000.0,475000000.0,236000000.0,1081000000.0,1151000000.0,806000000.0,399000000.0,1052000000.0,1284000000.0,865000000.0,439000000.0,11039000000.0,10562000000.0,346000000.0,172000000.0,1403000000.0,410000000.0,273000000.0,93000000.0,360000000.0,385000000.0,278000000.0,139000000.0,955000000.0,418000000.0,284000000.0,127000000.0,920000000.0,146000000.0,195000000.0,97000000.0,758000000.0,,,,710000000.0,,,,,,,,,,,,,,100000000.0,
4,entity00120021_udf_CF_2017113145649155_udf_CF_201711314563601_CashFlowsFromUsedInOperatingActivities,퇴직급여,Adjustments for retirement benefits,현금흐름표 [abstract],영업활동으로 인한 현금흐름,비용가산:,퇴직급여,18473000000.0,27736000000.0,28292000000.0,22928000000.0,17749000000.0,27317000000.0,25236000000.0,21214000000.0,13450000000.0,41824000000.0,38005000000.0,26844000000.0,18611000000.0,46194000000.0,39096000000.0,27230000000.0,18563000000.0,49669000000.0,42044000000.0,29873000000.0,20332000000.0,41399000000.0,35644000000.0,24497000000.0,16239000000.0,47173000000.0,48721000000.0,37863000000.0,20703000000.0,42769000000.0,36191000000.0,25872000000.0,13814000000.0,33509000000.0,27800000000.0,19033000000.0,12468000000.0,24514000000.0,21611000000.0,15650000000.0,6256000000.0,24173000000.0,19594000000.0,11469000000.0,5916000000.0,452326000000.0,509055000000.0,424204000000.0,429171000000.0,357047000000.0,326284000000.0,217400000000.0,21544246000.0,67961271000.0,60216358000.0,35076289.0,45320721.0
5,entity00120021_udf_CF_201711314570914_udf_CF_201711314563601_CashFlowsFromUsedInOperatingActivities,감가상각비,Adjustments for depreciation expense,현금흐름표 [abstract],영업활동으로 인한 현금흐름,비용가산:,감가상각비,38783000000.0,156104000000.0,115287000000.0,76718000000.0,39913000000.0,153390000000.0,115142000000.0,76940000000.0,39123000000.0,229368000000.0,189723000000.0,132774000000.0,64876000000.0,269606000000.0,205524000000.0,139870000000.0,71137000000.0,281565000000.0,211905000000.0,141893000000.0,70781000000.0,273827000000.0,203239000000.0,135775000000.0,67988000000.0,299699000000.0,232646000000.0,161813000000.0,82210000000.0,326279000000.0,243945000000.0,162651000000.0,80594000000.0,307488000000.0,226665000000.0,148191000000.0,71586000000.0,279069000000.0,207436000000.0,136702000000.0,67968000000.0,302030000000.0,228066000000.0,152946000000.0,76330000000.0,5168885000000.0,5427904000000.0,5201406000000.0,4295695000000.0,3517369000000.0,3014127000000.0,1928769000000.0,94167606000.0,325656450000.0,366200831000.0,428592520.0,437679567.0
6,entity00120021_udf_CF_2017113145659946_udf_CF_201711314563601_CashFlowsFromUsedInOperatingActivities,무형자산상각비,Adjustments for amortisation expense,현금흐름표 [abstract],영업활동으로 인한 현금흐름,비용가산:,무형자산상각비,4861000000.0,19992000000.0,15132000000.0,10554000000.0,5755000000.0,22527000000.0,16677000000.0,10981000000.0,5528000000.0,28052000000.0,21289000000.0,14080000000.0,6385000000.0,27243000000.0,20749000000.0,13389000000.0,6387000000.0,27460000000.0,20784000000.0,13384000000.0,6695000000.0,29003000000.0,20310000000.0,13561000000.0,6914000000.0,24205000000.0,17848000000.0,11851000000.0,5846000000.0,19667000000.0,14287000000.0,9496000000.0,4709000000.0,20139000000.0,14458000000.0,9480000000.0,4656000000.0,16644000000.0,12195000000.0,7793000000.0,3705000000.0,12777000000.0,9269000000.0,5933000000.0,3288000000.0,308281000000.0,470491000000.0,524560000000.0,549289000000.0,690977000000.0,561708000000.0,282951000000.0,3158792000.0,21143397000.0,28387289000.0,2347000.0,579829.0
7,entity00120021_udf_CF_201711314565926_udf_CF_201711314563601_CashFlowsFromUsedInOperatingActivities,재고자산평가손실,Loss on valuation of inventories,현금흐름표 [abstract],영업활동으로 인한 현금흐름,비용가산:,재고자산평가손실,,,,,,261000000.0,115000000.0,115000000.0,6000000.0,3318000000.0,4882000000.0,4067000000.0,1671000000.0,13776000000.0,12210000000.0,7034000000.0,3396000000.0,15757000000.0,1582000000.0,2891000000.0,1793000000.0,1218000000.0,751000000.0,571000000.0,706000000.0,24501000000.0,18878000000.0,13006000000.0,11964000000.0,6106000000.0,1414000000.0,2051000000.0,2007000000.0,10203000000.0,3515000000.0,4532000000.0,2190000000.0,9265000000.0,842000000.0,1271000000.0,4554000000.0,8551000000.0,,,,,,,,,,60011000000.0,2811875000.0,,,100000000.0,
8,entity00120021_udf_CF_201711314565835_udf_CF_201711314563601_CashFlowsFromUsedInOperatingActivities,대손상각비,Bad debt expenses,현금흐름표 [abstract],영업활동으로 인한 현금흐름,비용가산:,대손상각비,141000000.0,293000000.0,75000000.0,70000000.0,504000000.0,9916000000.0,2553000000.0,722000000.0,520000000.0,10900000000.0,3235000000.0,1407000000.0,283000000.0,11626000000.0,8702000000.0,8207000000.0,2013000000.0,3200000000.0,2085000000.0,252000000.0,1283000000.0,4824000000.0,3554000000.0,2615000000.0,1721000000.0,6191000000.0,2384000000.0,1851000000.0,3003000000.0,5905000000.0,1867000000.0,1632000000.0,530000000.0,11895000000.0,2410000000.0,1958000000.0,1736000000.0,474000000.0,730000000.0,2062000000.0,2005000000.0,16840000000.0,7332000000.0,1671000000.0,1643000000.0,94938000000.0,112438000000.0,93538000000.0,91505000000.0,86579000000.0,201540000000.0,44625000000.0,2498889000.0,1238794000.0,16984870000.0,31366319.0,
9,entity00120021_udf_CF_201711314565791_udf_CF_201711314563601_CashFlowsFromUsedInOperatingActivities,충당부채전입,Accrual of provision,현금흐름표 [abstract],영업활동으로 인한 현금흐름,비용가산:,충당부채전입,4697000000.0,25800000000.0,9268000000.0,6376000000.0,2982000000.0,29398000000.0,20822000000.0,13981000000.0,4642000000.0,43576000000.0,32206000000.0,24380000000.0,6939000000.0,31749000000.0,17823000000.0,6648000000.0,10534000000.0,42602000000.0,25389000000.0,10648000000.0,7850000000.0,27351000000.0,11336000000.0,6958000000.0,3456000000.0,41008000000.0,25466000000.0,17888000000.0,6196000000.0,34946000000.0,20541000000.0,16261000000.0,9326000000.0,25952000000.0,13366000000.0,8864000000.0,4476000000.0,18084000000.0,12828000000.0,7121000000.0,1656000000.0,17867000000.0,3203000000.0,2314000000.0,591000000.0,,,,,,,,,,,100000000.0,
10,entity00120021_udf_CF_2017113145656178_udf_CF_201711314563601_CashFlowsFromUsedInOperatingActivities,유형자산손상차손,Impairment loss of tangible assets,현금흐름표 [abstract],영업활동으로 인한 현금흐름,비용가산:,유형자산손상차손,,6257000000.0,,,,75000000.0,75000000.0,443000000.0,612000000.0,17208000000.0,6202000000.0,64000000.0,2000000.0,698000000.0,357000000.0,49000000.0,,151000000.0,,,,3802000000.0,1517000000.0,1129000000.0,1120000000.0,68413000000.0,30135000000.0,30135000000.0,,,,,,34329000000.0,22995000000.0,,,,,,,2009000000.0,,,,126271000000.0,98469000000.0,10954000000.0,43061000000.0,15047000000.0,89579000000.0,9949000000.0,,,,100000000.0,
11,entity00120021_udf_CF_202034184038965_udf_CF_201711314563601_CashFlowsFromUsedInOperatingActivities,무형자산손상차손,Impairment loss of intangible assets,현금흐름표 [abstract],영업활동으로 인한 현금흐름,비용가산:,무형자산손상차손,,389000000.0,,,,879000000.0,,,,1785000000.0,579000000.0,1000000.0,,1403000000.0,643000000.0,372000000.0,64000000.0,545000000.0,,,,23497000000.0,19452000000.0,713000000.0,,11894000000.0,3000000.0,3000000.0,,5847000000.0,10000000.0,10000000.0,10000000.0,10642000000.0,,,,,,,,1628000000.0,1371000000.0,,,,,,,,,,,,,100000000.0,
12,entity00120021_udf_CF_201711314573332_udf_CF_201711314563601_CashFlowsFromUsedInOperatingActivities,외화환산손실,Loss on foreign currency translation,현금흐름표 [abstract],영업활동으로 인한 현금흐름,비용가산:,외화환산손실,4444000000.0,3536000000.0,2266000000.0,2394000000.0,1246000000.0,8169000000.0,7231000000.0,3524000000.0,5346000000.0,19249000000.0,12504000000.0,8049000000.0,14344000000.0,16435000000.0,18069000000.0,10674000000.0,11490000000.0,10809000000.0,10844000000.0,6246000000.0,3311000000.0,8461000000.0,10497000000.0,10600000000.0,3055000000.0,14804000000.0,20925000000.0,21992000000.0,11479000000.0,22347000000.0,10644000000.0,7804000000.0,6653000000.0,14151000000.0,29078000000.0,6266000000.0,6747000000.0,14956000000.0,16705000000.0,19982000000.0,5782000000.0,6882000000.0,7470000000.0,11007000000.0,34654000000.0,1988797000000.0,131826000000.0,55200000000.0,104324000000.0,29134000000.0,106425000000.0,128515000000.0,23250116000.0,47852131000.0,5598160000.0,9723050.0,96295892.0
13,entity00120021_udf_CF_2017113145654427_udf_CF_201711314563601_CashFlowsFromUsedInOperatingActivities,유형자산처분손실,Adjustments for loss on disposition of tangible assets,현금흐름표 [abstract],영업활동으로 인한 현금흐름,비용가산:,유형자산처분손실,975000000.0,347000000.0,319000000.0,316000000.0,277000000.0,448000000.0,434000000.0,425000000.0,255000000.0,2753000000.0,2586000000.0,1453000000.0,698000000.0,6550000000.0,1268000000.0,790000000.0,42000000.0,1479000000.0,1342000000.0,1318000000.0,1282000000.0,2542000000.0,2416000000.0,1431000000.0,57000000.0,3865000000.0,247000000.0,218000000.0,61000000.0,1986000000.0,1782000000.0,1503000000.0,891000000.0,2632000000.0,1339000000.0,1167000000.0,8000000.0,4049000000.0,591000000.0,497000000.0,27000000.0,4351000000.0,3213000000.0,3068000000.0,3035000000.0,91111000000.0,124572000000.0,102273000000.0,134328000000.0,200749000000.0,168375000000.0,70433000000.0,4936734000.0,7236076000.0,27337024000.0,21549316.0,6747858.0
14,entity00120021_udf_CF_202034191816230_udf_CF_201711314563601_CashFlowsFromUsedInOperatingActivities,투자부동산처분손실,Adjustments for loss on disposition of investment property,현금흐름표 [abstract],영업활동으로 인한 현금흐름,비용가산:,투자부동산처분손실,,5674000000.0,5627000000.0,,,,,,,348000000.0,348000000.0,348000000.0,348000000.0,,,,,,,,,70000000.0,,,,,,,,,,,,,,,,,,,,,,,,,,,,,,,,,,100000000.0,
15,entity00120021_udf_CF_2017113145653587_udf_CF_201711314563601_CashFlowsFromUsedInOperatingActivities,무형자산처분손실,Adjustments for loss on disposition of intangible assets,현금흐름표 [abstract],영업활동으로 인한 현금흐름,비용가산:,무형자산처분손실,95000000.0,147000000.0,133000000.0,133000000.0,4000000.0,716000000.0,693000000.0,693000000.0,691000000.0,808000000.0,626000000.0,624000000.0,558000000.0,2079000000.0,1816000000.0,1776000000.0,1603000000.0,843000000.0,836000000.0,836000000.0,16000000.0,318000000.0,198000000.0,197000000.0,75000000.0,273000000.0,278000000.0,278000000.0,,66000000.0,30000000.0,30000000.0,29000000.0,,,,,18000000.0,18000000.0,18000000.0,,1207000000.0,44000000.0,1000000.0,,,,,,,,1521000000.0,,,,100000000.0,
16,entity00120021_udf_CF_201972918026744_udf_CF_201711314563601_CashFlowsFromUsedInOperatingActivities,사용권자산처분손실,Adjustments for loss on disposition of tangible assets_right of use assets,현금흐름표 [abstract],영업활동으로 인한 현금흐름,비용가산:,사용권자산처분손실,17000000.0,11000000.0,8000000.0,8000000.0,,,,,,,,,,,,,,,,,,,,,,,,,,,,,,,,,,,,,,,,,,,,,,,,,,,,100000000.0,
17,entity00120021_udf_CF_202034191943602_udf_CF_201711314563601_CashFlowsFromUsedInOperatingActivities,기타자산처분손실,Adjustments for loss on disposition of other assets,현금흐름표 [abstract],영업활동으로 인한 현금흐름,비용가산:,기타자산처분손실,,,,,,,,,,522000000.0,467000000.0,,,,,,,,,,,,,,,,,,,,,,,,,,,,,,,,251000000.0,251000000.0,,,,,,,,,,,,100000000.0,
18,entity00120021_udf_CF_2017113145652323_udf_CF_201711314563601_CashFlowsFromUsedInOperatingActivities,파생상품거래손실,Loss on transaction of derivatives,현금흐름표 [abstract],영업활동으로 인한 현금흐름,비용가산:,파생상품거래손실,8159000000.0,15911000000.0,13973000000.0,8117000000.0,2690000000.0,13467000000.0,9893000000.0,6280000000.0,2433000000.0,10791000000.0,9265000000.0,5691000000.0,1820000000.0,14591000000.0,8287000000.0,6313000000.0,4207000000.0,8768000000.0,7172000000.0,2510000000.0,1026000000.0,6441000000.0,2014000000.0,801000000.0,801000000.0,7944000000.0,7835000000.0,6777000000.0,4056000000.0,2107000000.0,1941000000.0,1666000000.0,436000000.0,3770000000.0,2394000000.0,660000000.0,522000000.0,1023000000.0,904000000.0,782000000.0,128000000.0,1252000000.0,1907000000.0,1622000000.0,1088000000.0,511800000000.0,86953000000.0,46795000000.0,143645000000.0,3719000000.0,27087000000.0,21056000000.0,,,,100000000.0,
19,entity00120021_udf_CF_2017113145713964_udf_CF_201711314563601_CashFlowsFromUsedInOperatingActivities,파생상품평가손실,Loss on valuation of derivatives,현금흐름표 [abstract],영업활동으로 인한 현금흐름,비용가산:,파생상품평가손실,2813000000.0,330000000.0,1030000000.0,777000000.0,1251000000.0,5424000000.0,5767000000.0,8180000000.0,934000000.0,1836000000.0,3038000000.0,2854000000.0,2924000000.0,3810000000.0,2435000000.0,2606000000.0,1162000000.0,1254000000.0,1600000000.0,959000000.0,194000000.0,101000000.0,1127000000.0,388000000.0,100000000.0,49000000.0,26000000.0,1966000000.0,775000000.0,91000000.0,120000000.0,234000000.0,158000000.0,736000000.0,2758000000.0,105000000.0,,1068000000.0,1228000000.0,1473000000.0,2180000000.0,3655000000.0,2883000000.0,686000000.0,2427000000.0,170146000000.0,94136000000.0,52868000000.0,23421000000.0,114449000000.0,34442000000.0,18114000000.0,,,,100000000.0,
20,entity00120021_udf_CF_2017113145721563_udf_CF_201711314563601_CashFlowsFromUsedInOperatingActivities,이자비용,Adjustments for Interest expenses,현금흐름표 [abstract],영업활동으로 인한 현금흐름,비용가산:,이자비용,8188000000.0,39003000000.0,29583000000.0,20219000000.0,11181000000.0,43794000000.0,31601000000.0,20646000000.0,9911000000.0,53056000000.0,43467000000.0,31904000000.0,17023000000.0,74856000000.0,54987000000.0,37096000000.0,18626000000.0,79992000000.0,60338000000.0,40022000000.0,19974000000.0,85872000000.0,65559000000.0,43957000000.0,21731000000.0,85061000000.0,64150000000.0,42439000000.0,20308000000.0,77471000000.0,58090000000.0,38117000000.0,18901000000.0,71834000000.0,47899000000.0,29804000000.0,13702000000.0,67446000000.0,51401000000.0,35399000000.0,19094000000.0,84961000000.0,63371000000.0,43311000000.0,21767000000.0,,,,,,,,,,4302712000.0,100000000.0,
21,entity00120021_udf_CF_2017113171623254_udf_CF_201711314563601_CashFlowsFromUsedInOperatingActivities,기타금융자산평가손실,Loss on valuation of available-for sale financial assets as fair value through profit or loss,현금흐름표 [abstract],영업활동으로 인한 현금흐름,비용가산:,기타금융자산평가손실,107000000.0,305000000.0,,,79000000.0,292000000.0,,,79000000.0,,,,,,,,,,,,,,,,,,,,,,,,,,,,,,,,,,,,,,,,,,,,,,,100000000.0,
22,entity00120021_udf_CF_202034183852524_udf_CF_201711314563601_CashFlowsFromUsedInOperatingActivities,기타금융자산처분손실,Loss on disposal of available-for sale financial assets as fair value through profit or loss,현금흐름표 [abstract],영업활동으로 인한 현금흐름,비용가산:,기타금융자산처분손실,,1000000.0,,,,1000000.0,,,,,,,,,,,,,,,,,,,,,,,,,,,,,,,,,,,,,,,,,,,,,,,,,,100000000.0,
23,entity00120021_udf_CF_202034192220659_udf_CF_201711314563601_CashFlowsFromUsedInOperatingActivities,기타금융자산손상차손,Impairment loss of financial assets,현금흐름표 [abstract],영업활동으로 인한 현금흐름,비용가산:,기타금융자산손상차손,,,,,,,,,,316000000.0,,144000000.0,72000000.0,266000000.0,192000000.0,117000000.0,59000000.0,787000000.0,183000000.0,123000000.0,62000000.0,565000000.0,506000000.0,140000000.0,26000000.0,140000000.0,112000000.0,83000000.0,242000000.0,1229000000.0,269000000.0,239000000.0,387000000.0,140000000.0,108000000.0,76000000.0,136000000.0,63000000.0,35000000.0,9000000.0,157000000.0,,14080000000.0,,229000000.0,,,,,,,,,,,100000000.0,
24,entity00120021_udf_CF_2019102710432151_udf_CF_201711314563601_CashFlowsFromUsedInOperatingActivities,매출채권처분손실,Loss on valuation of Trade receivables,현금흐름표 [abstract],영업활동으로 인한 현금흐름,비용가산:,매출채권처분손실,,,102000000.0,,,,,,,,,,,,,,,,,,,,,,,,,,,,,,,,,,,,,,,,10000000.0,10000000.0,10000000.0,299838000000.0,350004000000.0,330283000000.0,233249000000.0,161950000000.0,116223000000.0,67190000000.0,899154000.0,2793271000.0,754802000.0,100000000.0,
25,entity00120021_udf_CF_2017113145720588_udf_CF_201711314563601_CashFlowsFromUsedInOperatingActivities,종속기업주식처분손실,Losses on disposals of investment in subsidiaries,현금흐름표 [abstract],영업활동으로 인한 현금흐름,비용가산:,종속기업주식처분손실,,462000000.0,,,,625000000.0,625000000.0,625000000.0,625000000.0,83000000.0,83000000.0,,,26000000.0,10000000.0,10000000.0,,,,,,,,,,,,,,,,,,,,,,,,,,,,,,,,,,,,,,,,100000000.0,
26,entity00120021_udf_CF_20203418424542_udf_CF_201711314563601_CashFlowsFromUsedInOperatingActivities,관계기업투자처분손실,Loss on disposal of investments in associates,현금흐름표 [abstract],영업활동으로 인한 현금흐름,비용가산:,관계기업투자처분손실,,1712000000.0,,,,,,,,32000000.0,,,,,,,,296000000.0,296000000.0,296000000.0,296000000.0,,,,,3551000000.0,3551000000.0,3406000000.0,3406000000.0,,,,,,,,,,,,,,,,,,,,,,,,,,,100000000.0,
27,entity00120021_udf_CF_202034184318881_udf_CF_201711314563601_CashFlowsFromUsedInOperatingActivities,관계기업투자손상차손,Impairment loss of investments in associates,현금흐름표 [abstract],영업활동으로 인한 현금흐름,비용가산:,관계기업투자손상차손,,,,,,23680000000.0,,,,1169000000.0,,,,,,,,,,,,,,,,,,,,,,,,,,,,,,,,,,,,,,,,,,,,,,100000000.0,
28,entity00120021_udf_CF_20191027104449842_udf_CF_201711314563601_CashFlowsFromUsedInOperatingActivities,주식보상비용,share-based payment transactions expense,현금흐름표 [abstract],영업활동으로 인한 현금흐름,비용가산:,주식보상비용,,116000000.0,121000000.0,,,,,,,,,,,,,,,,,,,,,,,,,,,8000000.0,8000000.0,8000000.0,8000000.0,,,,2000000.0,6658000000.0,6586000000.0,,,14233000000.0,17529000000.0,8411000000.0,2797000000.0,1327000000.0,41707000000.0,563000000.0,7864000000.0,,,,,,,100000000.0,
29,entity00120021_udf_CF_2017113145719755_udf_CF_201711314563601_CashFlowsFromUsedInOperatingActivities,법인세비용,Adjustments for income tax expense,현금흐름표 [abstract],영업활동으로 인한 현금흐름,비용가산:,법인세비용,24847000000.0,293308000000.0,175085000000.0,154370000000.0,40271000000.0,47280000000.0,168619000000.0,116014000000.0,70090000000.0,343271000000.0,256923000000.0,88656000000.0,42609000000.0,182172000000.0,113882000000.0,75420000000.0,23750000000.0,131581000000.0,91695000000.0,53972000000.0,25909000000.0,127064000000.0,67054000000.0,35615000000.0,17412000000.0,122785000000.0,74305000000.0,56337000000.0,10556000000.0,143394000000.0,108385000000.0,74356000000.0,31897000000.0,162270000000.0,78665000000.0,56054000000.0,39847000000.0,177751000000.0,142205000000.0,102455000000.0,45144000000.0,159677000000.0,116393000000.0,70842000000.0,19887000000.0,,,,,,,,,,,100000000.0,
30,entity00120021_udf_CF_201711314571960_udf_CF_201711314563601_CashFlowsFromUsedInOperatingActivities,기타,Others,현금흐름표 [abstract],영업활동으로 인한 현금흐름,비용가산:,기타,531000000.0,-1660000000.0,201000000.0,132000000.0,135000000.0,4097000000.0,2994000000.0,2709000000.0,2275000000.0,7875000000.0,1942000000.0,967000000.0,324000000.0,12073000000.0,882000000.0,408000000.0,291000000.0,1518000000.0,439000000.0,267000000.0,170000000.0,1058000000.0,543000000.0,415000000.0,116000000.0,5130000000.0,921000000.0,619000000.0,274000000.0,8559000000.0,3748000000.0,2854000000.0,1466000000.0,21830000000.0,16938000000.0,7865000000.0,1127000000.0,1264000000.0,190000000.0,1036000000.0,442000000.0,3645000000.0,,,241000000.0,94809000000.0,121505000000.0,270172000000.0,423255000000.0,182173000000.0,198063000000.0,,,,,100000000.0,
31,entity00120021_udf_CF_201711315127630_CashFlowsFromUsedInOperatingActivities,수익차감:,Deduction of item not involving cash inflow:Deduction of item not involving cash inflow:,현금흐름표 [abstract],영업활동으로 인한 현금흐름,수익차감:,,-561767000000.0,-916686000000.0,-1166033000000.0,-925645000000.0,-391995000000.0,-1341243000000.0,-1285649000000.0,-889540000000.0,-507015000000.0,-2230864000000.0,-1974645000000.0,-1165062000000.0,-710307000000.0,-883365000000.0,-805666000000.0,-603814000000.0,-285947000000.0,-783762000000.0,-700879000000.0,-443471000000.0,-170578000000.0,-647277000000.0,-621597000000.0,-422029000000.0,-170938000000.0,-721699000000.0,-632914000000.0,-436768000000.0,-184584000000.0,-657734000000.0,-684264000000.0,-458729000000.0,-254547000000.0,-711951000000.0,-628720000000.0,-535810000000.0,-265720000000.0,-1270999000000.0,-1212027000000.0,-978785000000.0,-450511000000.0,-1467380000000.0,-1230630000000.0,-703166000000.0,-122817000000.0,,,,,,,,,,,100000000.0,
32,entity00120021_udf_CF_20191027104546872_udf_CF_201711315127630_CashFlowsFromUsedInOperatingActivities,급여및상여환입,Reversal of loss on Salaries and bonuses,현금흐름표 [abstract],영업활동으로 인한 현금흐름,수익차감:,급여및상여환입,,,1000000.0,,,34000000.0,,,,,,,,,,,2000000.0,2000000.0,,,,,,,,,,,,,,,,3000000.0,,,,,,,,,,,,,,,,,,,,,,100000000.0,
33,entity00120021_udf_CF_20171131549926_udf_CF_201711315127630_CashFlowsFromUsedInOperatingActivities,재고자산평가손실환입,Reversal of loss on valuation of inventories,현금흐름표 [abstract],영업활동으로 인한 현금흐름,수익차감:,재고자산평가손실환입,244000000.0,50000000.0,6000000.0,,,152000000.0,152000000.0,152000000.0,152000000.0,988000000.0,1195000000.0,755000000.0,438000000.0,4130000000.0,3400000000.0,1620000000.0,298000000.0,3154000000.0,6588000000.0,6952000000.0,4440000000.0,9147000000.0,5993000000.0,8546000000.0,5235000000.0,282000000.0,606000000.0,,135000000.0,4638000000.0,3677000000.0,2560000000.0,516000000.0,5057000000.0,4709000000.0,4425000000.0,1723000000.0,8235000000.0,872000000.0,494000000.0,86000000.0,1802000000.0,,,,,,,,,,,,,,100000000.0,
34,entity00120021_udf_CF_201711315422270_udf_CF_201711315127630_CashFlowsFromUsedInOperatingActivities,대손충당금환입,Reversal of allowance for doubtful accounts,현금흐름표 [abstract],영업활동으로 인한 현금흐름,수익차감:,대손충당금환입,95000000.0,588000000.0,684000000.0,641000000.0,359000000.0,1726000000.0,1263000000.0,697000000.0,688000000.0,933000000.0,533000000.0,493000000.0,529000000.0,364000000.0,330000000.0,153000000.0,145000000.0,2958000000.0,2681000000.0,2693000000.0,2655000000.0,5548000000.0,2085000000.0,1265000000.0,589000000.0,647000000.0,461000000.0,210000000.0,165000000.0,1016000000.0,1094000000.0,971000000.0,474000000.0,3193000000.0,3041000000.0,3527000000.0,302000000.0,992000000.0,1508000000.0,970000000.0,15000000.0,5148000000.0,6382000000.0,5618000000.0,6479000000.0,,,,,,,6314000000.0,46163000.0,20586738000.0,,100000000.0,
35,entity00120021_udf_CF_201711315421509_udf_CF_201711315127630_CashFlowsFromUsedInOperatingActivities,충당부채 환입,Reversal of Provisions,현금흐름표 [abstract],영업활동으로 인한 현금흐름,수익차감:,충당부채 환입,3688000000.0,8374000000.0,3626000000.0,2825000000.0,1810000000.0,6188000000.0,5695000000.0,1699000000.0,688000000.0,3892000000.0,1254000000.0,1023000000.0,508000000.0,5867000000.0,4836000000.0,4354000000.0,3516000000.0,8884000000.0,6953000000.0,4327000000.0,3798000000.0,9290000000.0,5208000000.0,2775000000.0,2511000000.0,8935000000.0,5433000000.0,4968000000.0,2184000000.0,6181000000.0,3628000000.0,2910000000.0,795000000.0,6611000000.0,1905000000.0,1420000000.0,614000000.0,8285000000.0,4661000000.0,587000000.0,77000000.0,1201000000.0,302000000.0,225000000.0,833000000.0,,,,,,,,,,,100000000.0,
36,entity00120021_udf_CF_20203419450224_udf_CF_201711315127630_CashFlowsFromUsedInOperatingActivities,무형자산손상차손환입,Reversal of loss on impairment loss of intangible assets,현금흐름표 [abstract],영업활동으로 인한 현금흐름,수익차감:,무형자산손상차손환입,,890000000.0,,,,,,,,,,,,,,,,15000000.0,,,,89000000.0,,,,,,,,,,,,,,,,290000000.0,,,,,,,,,,,,,,,,,,100000000.0,
37,entity00120021_udf_CF_201711315420758_udf_CF_201711315127630_CashFlowsFromUsedInOperatingActivities,외화환산이익,Gain on foreign currency translation,현금흐름표 [abstract],영업활동으로 인한 현금흐름,수익차감:,외화환산이익,9951000000.0,7602000000.0,10017000000.0,7115000000.0,4592000000.0,4767000000.0,4940000000.0,7463000000.0,2870000000.0,9433000000.0,10511000000.0,6886000000.0,5523000000.0,17825000000.0,10246000000.0,11250000000.0,9475000000.0,15841000000.0,16785000000.0,8320000000.0,3110000000.0,7909000000.0,10560000000.0,9810000000.0,3357000000.0,13054000000.0,20679000000.0,23985000000.0,14318000000.0,20110000000.0,8722000000.0,8360000000.0,11532000000.0,6840000000.0,22170000000.0,9528000000.0,12134000000.0,6779000000.0,8163000000.0,9956000000.0,11151000000.0,27985000000.0,22293000000.0,11934000000.0,10707000000.0,638190000000.0,128034000000.0,356969000000.0,130850000000.0,477213000000.0,179696000000.0,213033000000.0,11124760000.0,9176575000.0,20636044000.0,11398336.0,38165224.0
38,entity00120021_udf_CF_20171131542079_udf_CF_201711315127630_CashFlowsFromUsedInOperatingActivities,유형자산처분이익,Adjustments for gain on disposition of tangible assets,현금흐름표 [abstract],영업활동으로 인한 현금흐름,수익차감:,유형자산처분이익,1000000.0,482000000.0,218000000.0,165000000.0,3000000.0,1153000000.0,642000000.0,566000000.0,88000000.0,1128000000.0,459000000.0,432000000.0,62000000.0,2943000000.0,2640000000.0,584000000.0,420000000.0,2595000000.0,1499000000.0,297000000.0,45000000.0,3940000000.0,3690000000.0,2527000000.0,45000000.0,1891000000.0,1320000000.0,1273000000.0,3549000000.0,515000000.0,244000000.0,218000000.0,1783000000.0,405000000.0,269000000.0,166000000.0,11485000000.0,1140000000.0,910000000.0,826000000.0,22304000000.0,776000000.0,538000000.0,140000000.0,32469000000.0,35237000000.0,47445000000.0,38391000000.0,41254000000.0,31991000000.0,38484000000.0,,62855000.0,1681533000.0,556172000.0,10108551.0,2148764.0
39,entity00120021_udf_CF_202034192634745_udf_CF_201711315127630_CashFlowsFromUsedInOperatingActivities,투자부동산처분이익,Adjustments for gain on disposition of investment property,현금흐름표 [abstract],영업활동으로 인한 현금흐름,수익차감:,투자부동산처분이익,,,,,,,,,,938000000.0,938000000.0,938000000.0,938000000.0,,,,,,,,,,,,,,,,,,,,,,,,,,,,,,,,,,,,,,,,,,,100000000.0,
40,entity00120021_udf_CF_2019102710475983_udf_CF_201711315127630_CashFlowsFromUsedInOperatingActivities,무형자산처분이익,Adjustments for gain on disposition of intangible assets,현금흐름표 [abstract],영업활동으로 인한 현금흐름,수익차감:,무형자산처분이익,13000000.0,3000000.0,,,,226000000.0,10000000.0,,,22000000.0,22000000.0,9000000.0,9000000.0,44000000.0,43000000.0,27000000.0,,34000000.0,34000000.0,34000000.0,,242000000.0,267000000.0,114000000.0,16000000.0,10000000.0,10000000.0,10000000.0,,,,,,,,,,3000000.0,1000000.0,3000000.0,,21000000.0,21000000.0,,,,,,,,,457000000.0,,,386884000.0,100000000.0,
41,entity00120021_udf_CF_201711315417869_udf_CF_201711315127630_CashFlowsFromUsedInOperatingActivities,파생상품거래이익,Gain on transactions of derivatives,현금흐름표 [abstract],영업활동으로 인한 현금흐름,수익차감:,파생상품거래이익,3011000000.0,8534000000.0,4414000000.0,2352000000.0,590000000.0,7381000000.0,4856000000.0,2523000000.0,946000000.0,14486000000.0,10058000000.0,8562000000.0,7875000000.0,17276000000.0,14789000000.0,6492000000.0,2833000000.0,7361000000.0,2600000000.0,3121000000.0,758000000.0,4459000000.0,4342000000.0,3926000000.0,255000000.0,8215000000.0,5781000000.0,2651000000.0,1235000000.0,11284000000.0,3948000000.0,2412000000.0,1588000000.0,3779000000.0,2726000000.0,1671000000.0,484000000.0,249000000.0,120000000.0,120000000.0,153000000.0,2292000000.0,1191000000.0,1990000000.0,949000000.0,228991000000.0,65035000000.0,51849000000.0,130175000000.0,55946000000.0,7493000000.0,-24562000000.0,,,,100000000.0,
42,entity00120021_udf_CF_201711315417198_udf_CF_201711315127630_CashFlowsFromUsedInOperatingActivities,파생상품평가이익,Gain on valuation of derivatives,현금흐름표 [abstract],영업활동으로 인한 현금흐름,수익차감:,파생상품평가이익,1502000000.0,1981000000.0,794000000.0,2175000000.0,373000000.0,1271000000.0,1010000000.0,1308000000.0,852000000.0,1763000000.0,235000000.0,533000000.0,1517000000.0,1376000000.0,2827000000.0,3034000000.0,3054000000.0,1138000000.0,690000000.0,1205000000.0,2487000000.0,1497000000.0,202000000.0,331000000.0,118000000.0,254000000.0,926000000.0,111000000.0,78000000.0,1101000000.0,3326000000.0,739000000.0,309000000.0,90000000.0,382000000.0,394000000.0,416000000.0,116000000.0,1360000000.0,1139000000.0,153000000.0,804000000.0,819000000.0,1764000000.0,261000000.0,293476000000.0,15361000000.0,11598000000.0,37856000000.0,125722000000.0,49458000000.0,2269000000.0,,,,100000000.0,
43,entity00120021_udf_CF_201711315416477_udf_CF_201711315127630_CashFlowsFromUsedInOperatingActivities,이자수익,Adjustments for interest income,현금흐름표 [abstract],영업활동으로 인한 현금흐름,수익차감:,이자수익,8159000000.0,28679000000.0,21468000000.0,13523000000.0,6128000000.0,24072000000.0,18412000000.0,13389000000.0,5937000000.0,20302000000.0,14257000000.0,9481000000.0,4596000000.0,20629000000.0,15972000000.0,11525000000.0,5653000000.0,19260000000.0,14356000000.0,9654000000.0,4405000000.0,25416000000.0,20030000000.0,13596000000.0,6803000000.0,23206000000.0,17067000000.0,11473000000.0,5423000000.0,17684000000.0,12321000000.0,8269000000.0,4516000000.0,20818000000.0,13558000000.0,8145000000.0,3458000000.0,14308000000.0,10781000000.0,7520000000.0,4049000000.0,18469000000.0,13910000000.0,9897000000.0,5821000000.0,,,,,,,,,,,100000000.0,
44,entity00120021_udf_CF_201711315415814_udf_CF_201711315127630_CashFlowsFromUsedInOperatingActivities,배당금수익,Dividend income,현금흐름표 [abstract],영업활동으로 인한 현금흐름,수익차감:,배당금수익,1066000000.0,1078000000.0,1091000000.0,1068000000.0,1028000000.0,2278000000.0,1585000000.0,1543000000.0,1543000000.0,2077000000.0,2064000000.0,2064000000.0,2020000000.0,2703000000.0,2325000000.0,2323000000.0,2007000000.0,1633000000.0,1633000000.0,1633000000.0,1611000000.0,927000000.0,927000000.0,927000000.0,924000000.0,2395000000.0,2395000000.0,2395000000.0,2395000000.0,2432000000.0,2432000000.0,2432000000.0,570000000.0,2018000000.0,1976000000.0,1976000000.0,1974000000.0,954000000.0,954000000.0,954000000.0,870000000.0,1870000000.0,1868000000.0,1868000000.0,1868000000.0,,,,,,,,,,,100000000.0,
45,entity00120021_udf_CF_201831420483726_udf_CF_201711315127630_CashFlowsFromUsedInOperatingActivities,기타금융자산평가이익,Gain on disposal of available-for sale financial assets as fair value through profit or loss,현금흐름표 [abstract],영업활동으로 인한 현금흐름,수익차감:,기타금융자산평가이익,58000000.0,225000000.0,,,114000000.0,108000000.0,,,93000000.0,,,,,,,,,,,,,,,,,,,,,,,,,,,,,,,,,,,,,,,,,,,,,,,100000000.0,
46,entity00120021_udf_CF_2017113175025960_udf_CF_201711315127630_CashFlowsFromUsedInOperatingActivities,종속기업투자처분이익,Gain on disposal of investments in subsidaries,현금흐름표 [abstract],영업활동으로 인한 현금흐름,수익차감:,종속기업투자처분이익,,358511000000.0,355225000000.0,354560000000.0,,20543000000.0,18731000000.0,19081000000.0,19081000000.0,411025000000.0,414125000000.0,,,1941000000.0,1838000000.0,,,455000000.0,236000000.0,236000000.0,236000000.0,22000000.0,22000000.0,22000000.0,22000000.0,285000000.0,285000000.0,285000000.0,,,,,,,,,,,,,,,,,,,,,,,,,,,,100000000.0,
47,entity00120021_udf_CF_20171131541577_udf_CF_201711315127630_CashFlowsFromUsedInOperatingActivities,관계기업투자처분이익,Gain on disposal of investments in associates,현금흐름표 [abstract],영업활동으로 인한 현금흐름,수익차감:,관계기업투자처분이익,,252000000.0,,,,718000000.0,718000000.0,718000000.0,718000000.0,186509000000.0,186509000000.0,186509000000.0,182086000000.0,536000000.0,146000000.0,146000000.0,,,,,,743000000.0,2000000.0,2000000.0,2000000.0,823000000.0,,,2000000.0,33000000.0,17000000.0,33000000.0,4000000.0,91000000.0,37000000.0,91000000.0,10000000.0,,275000000.0,,8000000.0,1304000000.0,146000000.0,,18000000.0,,,,,,,,,,,100000000.0,
48,entity00120021_udf_CF_201711315414127_udf_CF_201711315127630_CashFlowsFromUsedInOperatingActivities,지분법이익,Gain on equity method valuation,현금흐름표 [abstract],영업활동으로 인한 현금흐름,수익차감:,지분법이익,532777000000.0,498945000000.0,768014000000.0,540814000000.0,376815000000.0,1269966000000.0,1227278000000.0,840137000000.0,473277000000.0,1577093000000.0,1332245000000.0,947219000000.0,504128000000.0,807323000000.0,745942000000.0,562052000000.0,258297000000.0,719866000000.0,646487000000.0,405433000000.0,146915000000.0,574095000000.0,564590000000.0,375375000000.0,149341000000.0,661285000000.0,577603000000.0,389202000000.0,157778000000.0,591342000000.0,644212000000.0,429164000000.0,233961000000.0,,577407000000.0,504076000000.0,242979000000.0,1228798000000.0,1176318000000.0,946776000000.0,433589000000.0,1401857000000.0,1176512000000.0,665057000000.0,86427000000.0,93045000000.0,65793000000.0,208091000000.0,41980000000.0,228288000000.0,,,,,,100000000.0,
49,entity00120021_udf_CF_201711315413205_udf_CF_201711315127630_CashFlowsFromUsedInOperatingActivities,기타,Others,현금흐름표 [abstract],영업활동으로 인한 현금흐름,수익차감:,기타,531000000.0,492000000.0,201000000.0,132000000.0,135000000.0,660000000.0,2994000000.0,2709000000.0,2275000000.0,275000000.0,1942000000.0,967000000.0,324000000.0,386000000.0,882000000.0,408000000.0,291000000.0,406000000.0,439000000.0,267000000.0,170000000.0,493000000.0,543000000.0,415000000.0,116000000.0,417000000.0,921000000.0,619000000.0,274000000.0,1081000000.0,3748000000.0,2854000000.0,1466000000.0,1775000000.0,16938000000.0,7865000000.0,1127000000.0,804000000.0,190000000.0,1036000000.0,442000000.0,3791000000.0,,,241000000.0,94809000000.0,121505000000.0,270172000000.0,423255000000.0,182173000000.0,198063000000.0,,,,,100000000.0,
50,entity00120021_udf_CF_20171131525811_CashFlowsFromUsedInOperatingActivities,운전자본의 변동:,MovemMovements in working capital:ents in working capital:,현금흐름표 [abstract],영업활동으로 인한 현금흐름,운전자본의 변동:,,125231000000.0,-21389000000.0,88382000000.0,151725000000.0,93211000000.0,-455750000000.0,-472412000000.0,-502340000000.0,-228656000000.0,-54892000000.0,-332245000000.0,-109701000000.0,129182000000.0,-87099000000.0,-119044000000.0,-39337000000.0,11617000000.0,52562000000.0,41909000000.0,146320000000.0,184319000000.0,-223126000000.0,-107639000000.0,-7090000000.0,-37526000000.0,-88683000000.0,-174384000000.0,-83953000000.0,-149238000000.0,-370933000000.0,-342960000000.0,-227405000000.0,-165967000000.0,-377694000000.0,-481174000000.0,-257712000000.0,-185782000000.0,-233325000000.0,-206705000000.0,-75751000000.0,-106873000000.0,-257517000000.0,-278596000000.0,-113613000000.0,-202205000000.0,,,,,,,,,,,100000000.0,
51,entity00120021_udf_CF_2017113152530211_udf_CF_20171131525811_CashFlowsFromUsedInOperatingActivities,매출채권,Trade receivables,현금흐름표 [abstract],영업활동으로 인한 현금흐름,운전자본의 변동:,매출채권,525750000000.0,270881000000.0,638763000000.0,601683000000.0,449576000000.0,207382000000.0,235493000000.0,392390000000.0,319634000000.0,-690570000000.0,-158734000000.0,208202000000.0,288453000000.0,-342184000000.0,-12856000000.0,172266000000.0,344808000000.0,81455000000.0,335106000000.0,500074000000.0,397778000000.0,-245908000000.0,234021000000.0,267631000000.0,231778000000.0,-93189000000.0,269004000000.0,-22454000000.0,32946000000.0,-288008000000.0,-225505000000.0,-20459000000.0,129550000000.0,-81700000000.0,-12459000000.0,-155657000000.0,-212706000000.0,-321169000000.0,-45280000000.0,12913000000.0,-36338000000.0,-377806000000.0,,,,,,,,,,,,,,100000000.0,
52,entity00120021_udf_CF_2017113152556709_udf_CF_20171131525811_CashFlowsFromUsedInOperatingActivities,기타채권,Other receivables,현금흐름표 [abstract],영업활동으로 인한 현금흐름,운전자본의 변동:,기타채권,113498000000.0,-25164000000.0,-14003000000.0,-10209000000.0,-11985000000.0,3729000000.0,4746000000.0,6081000000.0,-12598000000.0,-13925000000.0,-17549000000.0,-1790000000.0,-1091000000.0,-8621000000.0,-2505000000.0,1499000000.0,-7514000000.0,29755000000.0,16375000000.0,18929000000.0,3213000000.0,-4771000000.0,9715000000.0,9917000000.0,-5827000000.0,9049000000.0,18430000000.0,14326000000.0,45908000000.0,-15588000000.0,-5155000000.0,101000000.0,30843000000.0,3988000000.0,7901000000.0,10669000000.0,43970000000.0,2062000000.0,13634000000.0,17818000000.0,-1767000000.0,10584000000.0,,,,,,,,,,,,,,100000000.0,
53,entity00120021_udf_CF_2017113152555965_udf_CF_20171131525811_CashFlowsFromUsedInOperatingActivities,재고자산,Inventories,현금흐름표 [abstract],영업활동으로 인한 현금흐름,운전자본의 변동:,재고자산,-13925000000.0,-5570000000.0,-47065000000.0,-20522000000.0,-46327000000.0,-6719000000.0,-61926000000.0,-23757000000.0,-31381000000.0,-47756000000.0,-91085000000.0,-91979000000.0,-45626000000.0,12588000000.0,-47450000000.0,-63764000000.0,-39065000000.0,-47297000000.0,-109070000000.0,-80365000000.0,-65298000000.0,30073000000.0,-65820000000.0,-60531000000.0,-71248000000.0,78565000000.0,-62482000000.0,-28106000000.0,-43871000000.0,-111647000000.0,-180072000000.0,-126295000000.0,-76722000000.0,-78318000000.0,-158178000000.0,-89042000000.0,-59504000000.0,-49440000000.0,-107106000000.0,-64759000000.0,-61355000000.0,18971000000.0,-62317000000.0,-27112000000.0,-31912000000.0,,,,,,,,,,,100000000.0,
54,entity00120021_udf_CF_201711315255522_udf_CF_20171131525811_CashFlowsFromUsedInOperatingActivities,장기매출채권,Non-current trade receivables,현금흐름표 [abstract],영업활동으로 인한 현금흐름,운전자본의 변동:,장기매출채권,-65000000.0,-17000000.0,-1038000000.0,-428000000.0,-236000000.0,-1088000000.0,-442000000.0,-653000000.0,466000000.0,-26350000000.0,-6562000000.0,-7354000000.0,-9657000000.0,-30327000000.0,-17224000000.0,-13161000000.0,-8606000000.0,-9047000000.0,-1999000000.0,-309000000.0,-63000000.0,-5168000000.0,-487000000.0,-81000000.0,-3443000000.0,-11981000000.0,-11155000000.0,-11599000000.0,-457000000.0,-3128000000.0,-4479000000.0,-2130000000.0,-1172000000.0,124000000.0,594000000.0,-2537000000.0,-1954000000.0,-1823000000.0,-1981000000.0,-4570000000.0,67000000.0,-216000000.0,,,,,,,,,,,,,,100000000.0,
55,entity00120021_udf_CF_201711315264189_udf_CF_20171131525811_CashFlowsFromUsedInOperatingActivities,장기기타채권,Non-current other receivables,현금흐름표 [abstract],영업활동으로 인한 현금흐름,운전자본의 변동:,장기기타채권,1000000.0,17000000.0,16000000.0,15000000.0,14000000.0,27000000.0,37000000.0,33000000.0,15000000.0,-622000000.0,-633000000.0,-393000000.0,-97000000.0,3060000000.0,428000000.0,266000000.0,115000000.0,-647000000.0,-755000000.0,-731000000.0,-663000000.0,-803000000.0,-989000000.0,-872000000.0,-1148000000.0,-1516000000.0,-2464000000.0,-2335000000.0,-357000000.0,-2278000000.0,-1752000000.0,-1190000000.0,-569000000.0,-1416000000.0,-1048000000.0,-751000000.0,-424000000.0,-1310000000.0,305000000.0,132000000.0,,-685000000.0,,,,,,,,,,,,,,100000000.0,
56,entity00120021_udf_CF_201711315263508_udf_CF_20171131525811_CashFlowsFromUsedInOperatingActivities,매입채무,Trade payables,현금흐름표 [abstract],영업활동으로 인한 현금흐름,운전자본의 변동:,매입채무,-360653000000.0,-27802000000.0,-264170000000.0,-183831000000.0,-84075000000.0,-584857000000.0,-420161000000.0,-662398000000.0,-384814000000.0,708918000000.0,104762000000.0,-59023000000.0,-70245000000.0,271240000000.0,-39950000000.0,-142138000000.0,-226050000000.0,-24727000000.0,-248252000000.0,-317772000000.0,-136078000000.0,107860000000.0,-217722000000.0,-168572000000.0,-137647000000.0,10713000000.0,-308069000000.0,3773000000.0,-18929000000.0,67364000000.0,51560000000.0,-63764000000.0,-96069000000.0,-57582000000.0,-276452000000.0,-59389000000.0,63947000000.0,300072000000.0,-32414000000.0,-32284000000.0,-14388000000.0,229848000000.0,,,,,,,,,,,,,,100000000.0,
57,entity00120021_udf_CF_201711315262853_udf_CF_20171131525811_CashFlowsFromUsedInOperatingActivities,기타채무,Other payables,현금흐름표 [abstract],영업활동으로 인한 현금흐름,운전자본의 변동:,기타채무,-196892000000.0,-21124000000.0,-5711000000.0,-6238000000.0,-76207000000.0,-39666000000.0,-56163000000.0,-103845000000.0,-86444000000.0,-29065000000.0,-66488000000.0,-104181000000.0,-46156000000.0,75898000000.0,41955000000.0,59864000000.0,3861000000.0,-62539000000.0,-61404000000.0,-24184000000.0,-69360000000.0,30272000000.0,5761000000.0,-12675000000.0,-54305000000.0,9901000000.0,8530000000.0,-1144000000.0,-28622000000.0,-94581000000.0,-58748000000.0,-85812000000.0,-143993000000.0,49521000000.0,-7601000000.0,59671000000.0,-21949000000.0,78036000000.0,57279000000.0,45347000000.0,26508000000.0,-56821000000.0,,,,,,,,,,,,,,100000000.0,
58,entity00120021_udf_CF_202034192845381_udf_CF_20171131525811_CashFlowsFromUsedInOperatingActivities,장기기타채무,Non-current other payables,현금흐름표 [abstract],영업활동으로 인한 현금흐름,운전자본의 변동:,장기기타채무,,,,,,,,,,-21000000.0,-21000000.0,-6000000.0,,-13000000.0,,,,-71000000.0,,,,-867000000.0,-844000000.0,-31000000.0,-23000000.0,-137000000.0,-259000000.0,-238000000.0,-720000000.0,1829000000.0,30000000.0,30000000.0,30000000.0,-893000000.0,378000000.0,317000000.0,144000000.0,302000000.0,1134000000.0,3532000000.0,3347000000.0,-744000000.0,,,,,,,,,,,,,,100000000.0,
59,entity00120021_udf_CF_2017113152554269_udf_CF_20171131525811_CashFlowsFromUsedInOperatingActivities,충당부채,Provisions,현금흐름표 [abstract],영업활동으로 인한 현금흐름,운전자본의 변동:,충당부채,-4705000000.0,-27263000000.0,-16368000000.0,-14281000000.0,-3626000000.0,-19208000000.0,-14077000000.0,-8597000000.0,-5558000000.0,-26818000000.0,-18280000000.0,-12287000000.0,-9937000000.0,-17413000000.0,-10838000000.0,-6004000000.0,-3221000000.0,-12419000000.0,-9227000000.0,-5504000000.0,-2582000000.0,-12153000000.0,-8841000000.0,-6523000000.0,-3721000000.0,-17623000000.0,-15895000000.0,-9550000000.0,-6288000000.0,-12444000000.0,-9266000000.0,-6571000000.0,-4266000000.0,-14963000000.0,-9786000000.0,-7362000000.0,-4125000000.0,-11728000000.0,-8271000000.0,-6330000000.0,-2997000000.0,-6429000000.0,-5320000000.0,-3452000000.0,-2372000000.0,,,,,,,,,,,100000000.0,
60,entity00120021_udf_CF_2017113152553516_udf_CF_20171131525811_CashFlowsFromUsedInOperatingActivities,순확정급여부채,Retirement benefit obligation,현금흐름표 [abstract],영업활동으로 인한 현금흐름,운전자본의 변동:,순확정급여부채,-1116000000.0,-30550000000.0,837000000.0,-1751000000.0,-933000000.0,-40691000000.0,-9756000000.0,-3138000000.0,-1473000000.0,-38806000000.0,-1397000000.0,-885000000.0,-702000000.0,-51531000000.0,4314000000.0,4880000000.0,-681000000.0,-55715000000.0,-5240000000.0,-4057000000.0,-2318000000.0,-46266000000.0,-4612000000.0,-4227000000.0,-2458000000.0,-51937000000.0,-13189000000.0,-12373000000.0,-10249000000.0,-46820000000.0,-3698000000.0,-1995000000.0,2227000000.0,-32669000000.0,-4762000000.0,-4058000000.0,-849000000.0,-37674000000.0,-14866000000.0,-3407000000.0,-1918000000.0,-18356000000.0,-2316000000.0,-1208000000.0,-3103000000.0,,,,,,,,,,,100000000.0,
61,entity00120021_udf_CF_201711315261337_udf_CF_20171131525811_CashFlowsFromUsedInOperatingActivities,기타,Other operating assets and liabilities,현금흐름표 [abstract],영업활동으로 인한 현금흐름,운전자본의 변동:,기타,531000000.0,-154797000000.0,201000000.0,132000000.0,135000000.0,25341000000.0,2994000000.0,2709000000.0,2275000000.0,110123000000.0,1942000000.0,967000000.0,324000000.0,-158000000.0,882000000.0,408000000.0,291000000.0,153713000000.0,439000000.0,267000000.0,170000000.0,-75341000000.0,543000000.0,415000000.0,116000000.0,-20555000000.0,921000000.0,619000000.0,274000000.0,127713000000.0,3748000000.0,2854000000.0,1466000000.0,-163166000000.0,16938000000.0,7865000000.0,1127000000.0,-189404000000.0,190000000.0,1036000000.0,442000000.0,3645000000.0,,,241000000.0,94809000000.0,121505000000.0,270172000000.0,423255000000.0,182173000000.0,198063000000.0,,,,,100000000.0,
62,entity00120021_udf_CF_2017113152526427_CashFlowsFromUsedInOperatingActivities,영업활동으로 인한 현금수취액:,Cash received from operating activities:,현금흐름표 [abstract],영업활동으로 인한 현금흐름,영업활동으로 인한 현금수취액:,,7714000000.0,402553000000.0,395545000000.0,388999000000.0,4973000000.0,364389000000.0,357804000000.0,352695000000.0,6099000000.0,281460000000.0,275745000000.0,272580000000.0,4129000000.0,246077000000.0,240563000000.0,235693000000.0,4902000000.0,201598000000.0,196816000000.0,192465000000.0,4426000000.0,195107000000.0,189492000000.0,183461000000.0,8177000000.0,161032000000.0,156093000000.0,151600000000.0,5833000000.0,199587000000.0,193282000000.0,189466000000.0,3207000000.0,214916000000.0,206857000000.0,200492000000.0,4285000000.0,244651000000.0,240600000000.0,238054000000.0,2939000000.0,168591000000.0,152072000000.0,143727000000.0,8076000000.0,,,,,,,,,,,100000000.0,
63,entity00120021_udf_CF_201711315281440_udf_CF_2017113152526427_CashFlowsFromUsedInOperatingActivities,이자수익 수취,Interest received,현금흐름표 [abstract],영업활동으로 인한 현금흐름,영업활동으로 인한 현금수취액:,이자수익 수취,7666000000.0,24424000000.0,17930000000.0,11479000000.0,4942000000.0,24369000000.0,18807000000.0,13357000000.0,6083000000.0,18590000000.0,12888000000.0,9730000000.0,4114000000.0,18809000000.0,13642000000.0,9638000000.0,4879000000.0,19061000000.0,14277000000.0,10145000000.0,4369000000.0,24889000000.0,19271000000.0,13236000000.0,7963000000.0,17984000000.0,12884000000.0,9073000000.0,4729000000.0,15670000000.0,10653000000.0,6837000000.0,3199000000.0,18635000000.0,10623000000.0,6122000000.0,3104000000.0,13925000000.0,10015000000.0,7444000000.0,2938000000.0,19746000000.0,13562000000.0,10710000000.0,6168000000.0,,,,,,,,,,,100000000.0,
64,entity00120021_udf_CF_201711315283526_udf_CF_2017113152526427_CashFlowsFromUsedInOperatingActivities,배당수익 수취,Dividends received,현금흐름표 [abstract],영업활동으로 인한 현금흐름,영업활동으로 인한 현금수취액:,배당수익 수취,48000000.0,377314000000.0,376819000000.0,376724000000.0,31000000.0,340336000000.0,339642000000.0,339597000000.0,15000000.0,262870000000.0,262857000000.0,262850000000.0,15000000.0,225997000000.0,225619000000.0,225611000000.0,23000000.0,182260000000.0,182260000000.0,182260000000.0,8000000.0,170162000000.0,170162000000.0,170162000000.0,168000000.0,141370000000.0,141370000000.0,141207000000.0,18000000.0,178747000000.0,178750000000.0,178750000000.0,8000000.0,194408000000.0,194366000000.0,194367000000.0,1180000000.0,230100000000.0,229928000000.0,229928000000.0,,148839000000.0,138358000000.0,133004000000.0,1778000000.0,,,,,,,,,,,100000000.0,
65,entity00120021_udf_CF_201711315284989_udf_CF_2017113152526427_CashFlowsFromUsedInOperatingActivities,법인세 환급,Income tax refund,현금흐름표 [abstract],영업활동으로 인한 현금흐름,영업활동으로 인한 현금수취액:,법인세 환급,,815000000.0,796000000.0,796000000.0,,-316000000.0,-645000000.0,-259000000.0,1000000.0,,,,,1271000000.0,1302000000.0,444000000.0,,277000000.0,279000000.0,60000000.0,49000000.0,56000000.0,59000000.0,63000000.0,,1678000000.0,1839000000.0,1320000000.0,1086000000.0,5170000000.0,3879000000.0,3879000000.0,,1873000000.0,1868000000.0,3000000.0,1000000.0,626000000.0,657000000.0,682000000.0,1000000.0,6000000.0,152000000.0,13000000.0,130000000.0,,,,,,,,,,,100000000.0,
66,entity00120021_udf_CF_201711315275890_CashFlowsFromUsedInOperatingActivities,영업활동으로 인한 현금지급액:,Cash paid from operating activities:,현금흐름표 [abstract],영업활동으로 인한 현금흐름,영업활동으로 인한 현금지급액:,,-29880000000.0,-351041000000.0,-316637000000.0,-211635000000.0,-26355000000.0,-348278000000.0,-302132000000.0,-219811000000.0,-48188000000.0,-192043000000.0,-169581000000.0,-114593000000.0,-77470000000.0,-204879000000.0,-184723000000.0,-120713000000.0,-52881000000.0,-198556000000.0,-174647000000.0,-115631000000.0,-49312000000.0,-198546000000.0,-157751000000.0,-98416000000.0,-50249000000.0,-212575000000.0,-174191000000.0,-121122000000.0,-50330000000.0,-235910000000.0,-211660000000.0,-146729000000.0,-46662000000.0,-208623000000.0,-187220000000.0,-128442000000.0,-58822000000.0,-157711000000.0,-140221000000.0,-80627000000.0,-38391000000.0,-251600000000.0,-226632000000.0,-157457000000.0,-84883000000.0,,,,,,,,,,,100000000.0,
67,entity00120021_udf_CF_2017113153023481_udf_CF_201711315275890_CashFlowsFromUsedInOperatingActivities,이자비용 지급,Interest paid,현금흐름표 [abstract],영업활동으로 인한 현금흐름,영업활동으로 인한 현금지급액:,이자비용 지급,6724000000.0,35346000000.0,26997000000.0,18886000000.0,9910000000.0,35324000000.0,25583000000.0,15813000000.0,7825000000.0,37098000000.0,30685000000.0,22881000000.0,12833000000.0,56695000000.0,41817000000.0,28149000000.0,14084000000.0,64474000000.0,48677000000.0,31419000000.0,16093000000.0,70601000000.0,51862000000.0,36400000000.0,21332000000.0,86581000000.0,68844000000.0,51317000000.0,32875000000.0,63118000000.0,47971000000.0,31148000000.0,15584000000.0,55048000000.0,36155000000.0,23760000000.0,10816000000.0,55977000000.0,42523000000.0,28922000000.0,15306000000.0,75337000000.0,57129000000.0,36852000000.0,15822000000.0,,,,,,,,,,,100000000.0,
68,entity00120021_udf_CF_2017113153027602_udf_CF_201711315275890_CashFlowsFromUsedInOperatingActivities,법인세 납부,Income taxes paid,현금흐름표 [abstract],영업활동으로 인한 현금흐름,영업활동으로 인한 현금지급액:,법인세 납부,23156000000.0,315695000000.0,289640000000.0,192749000000.0,16445000000.0,312954000000.0,276549000000.0,203998000000.0,40363000000.0,154945000000.0,138896000000.0,91712000000.0,64637000000.0,148184000000.0,142906000000.0,92564000000.0,38797000000.0,134082000000.0,125970000000.0,84212000000.0,33219000000.0,127945000000.0,105889000000.0,62016000000.0,46000000.0,125994000000.0,105347000000.0,69805000000.0,1086000000.0,172792000000.0,163689000000.0,115581000000.0,31078000000.0,153575000000.0,151065000000.0,104682000000.0,48006000000.0,101734000000.0,97698000000.0,51705000000.0,23085000000.0,176263000000.0,169503000000.0,120605000000.0,69061000000.0,,,,,,,,,,,100000000.0,
69,ifrs-full_CashFlowsFromUsedInInvestingActivities,투자활동으로 인한 현금흐름,Cash flows from (used in) investing activities,현금흐름표 [abstract],투자활동으로 인한 현금흐름,,,-48776000000.0,-33996000000.0,13683000000.0,82486000000.0,-71366000000.0,-658633000000.0,-491373000000.0,-77886000000.0,53820000000.0,-689285000000.0,-584704000000.0,-291481000000.0,-19550000000.0,-343818000000.0,-189251000000.0,-58897000000.0,27503000000.0,-368266000000.0,-226184000000.0,-171992000000.0,51887000000.0,-720900000000.0,-567474000000.0,-557853000000.0,-244507000000.0,-543410000000.0,-445433000000.0,-370481000000.0,-101016000000.0,-523792000000.0,-324855000000.0,-265779000000.0,-66621000000.0,-948450000000.0,-555236000000.0,-415514000000.0,-126390000000.0,-459607000000.0,-359120000000.0,-237464000000.0,-104772000000.0,-329064000000.0,-243513000000.0,-229846000000.0,-89850000000.0,-9858467000000.0,-5834832000000.0,-6240548000000.0,-6790092000000.0,-7855276000000.0,-4882146000000.0,-2223193000000.0,-374690524000.0,-1155530285000.0,-461971853000.0,-616051060.0,-886437014.0
70,entity00120021_udf_CF_2017113153122135_CashFlowsFromUsedInInvestingActivities,투자활동으로 인한 현금유입액:,Cash inflows from investing activities,현금흐름표 [abstract],투자활동으로 인한 현금흐름,투자활동으로 인한 현금유입액:,,170940000000.0,1269043000000.0,915331000000.0,743267000000.0,103433000000.0,892605000000.0,813765000000.0,615380000000.0,376751000000.0,1364579000000.0,781850000000.0,193126000000.0,141626000000.0,514336000000.0,419159000000.0,278858000000.0,191827000000.0,506740000000.0,446042000000.0,298355000000.0,150502000000.0,648330000000.0,492231000000.0,325491000000.0,268812000000.0,359365000000.0,236485000000.0,158581000000.0,138322000000.0,291102000000.0,231816000000.0,141244000000.0,125451000000.0,515557000000.0,267227000000.0,180030000000.0,154235000000.0,638267000000.0,421642000000.0,287360000000.0,17082000000.0,676161000000.0,40542000000.0,28981000000.0,13002000000.0,4208361000000.0,1549840000000.0,3207741000000.0,4162614000000.0,4549897000000.0,9136054000000.0,1247342000000.0,368010138000.0,181524177000.0,684256575000.0,538904042.0,163146558.0
71,entity00120021_udf_CF_201711315312719_udf_CF_2017113153122135_CashFlowsFromUsedInInvestingActivities,금융기관예치금의 감소,Decrease in financial institution deposits,현금흐름표 [abstract],투자활동으로 인한 현금흐름,투자활동으로 인한 현금유입액:,금융기관예치금의 감소,161000000000.0,671586000000.0,514452000000.0,346181000000.0,99659000000.0,782317000000.0,714399000000.0,523797000000.0,316000000000.0,735916000000.0,215645000000.0,137610000000.0,120815000000.0,461026000000.0,380386000000.0,261892000000.0,184785000000.0,473147000000.0,421717000000.0,277469000000.0,143629000000.0,597542000000.0,452068000000.0,296420000000.0,251620000000.0,302243000000.0,201944000000.0,131407000000.0,128627000000.0,217372000000.0,177628000000.0,93900000000.0,87479000000.0,457266000000.0,251520000000.0,168520000000.0,146120000000.0,613784000000.0,400069000000.0,261252000000.0,10424000000.0,620983000000.0,,,,,,,,,,,,,,100000000.0,
72,entity00120021_udf_CF_2017113153134165_udf_CF_2017113153122135_CashFlowsFromUsedInInvestingActivities,파생상품의 처분,Disposal of derivative instruments,현금흐름표 [abstract],투자활동으로 인한 현금흐름,투자활동으로 인한 현금유입액:,파생상품의 처분,3011000000.0,8534000000.0,4414000000.0,2352000000.0,590000000.0,7365000000.0,4856000000.0,2523000000.0,946000000.0,14436000000.0,10008000000.0,8555000000.0,7875000000.0,16908000000.0,14789000000.0,6492000000.0,2833000000.0,7991000000.0,3246000000.0,3121000000.0,851000000.0,4459000000.0,6279000000.0,4725000000.0,1055000000.0,9035000000.0,6601000000.0,3471000000.0,1959000000.0,20557000000.0,7563000000.0,2381000000.0,1564000000.0,7023000000.0,6014000000.0,4910000000.0,11000000.0,3832000000.0,3868000000.0,3868000000.0,108000000.0,8042000000.0,5348000000.0,4781000000.0,374000000.0,138886000000.0,19797000000.0,39090000000.0,93224000000.0,,,,,,,100000000.0,
73,entity00120021_udf_CF_201711315314919_udf_CF_2017113153122135_CashFlowsFromUsedInInvestingActivities,기타채권의 감소,Decrease in other receivables,현금흐름표 [abstract],투자활동으로 인한 현금흐름,투자활동으로 인한 현금유입액:,기타채권의 감소,785000000.0,1880000000.0,1562000000.0,1386000000.0,697000000.0,22536000000.0,22460000000.0,21502000000.0,16300000000.0,35632000000.0,33086000000.0,32671000000.0,699000000.0,21505000000.0,10770000000.0,4317000000.0,2977000000.0,8458000000.0,7497000000.0,6419000000.0,1989000000.0,14801000000.0,13908000000.0,13385000000.0,11431000000.0,16518000000.0,12749000000.0,12231000000.0,2613000000.0,37322000000.0,35903000000.0,35997000000.0,34174000000.0,38468000000.0,7324000000.0,4714000000.0,3756000000.0,8814000000.0,7824000000.0,4935000000.0,2017000000.0,11559000000.0,12929000000.0,9319000000.0,,,,,,,,,,,,100000000.0,
74,entity00120021_udf_CF_2017113153133486_udf_CF_2017113153122135_CashFlowsFromUsedInInvestingActivities,기타금융자산의 처분,Proceeds from sales of other financial assets,현금흐름표 [abstract],투자활동으로 인한 현금흐름,투자활동으로 인한 현금유입액:,기타금융자산의 처분,390000000.0,1201000000.0,,,,743000000.0,743000000.0,444000000.0,444000000.0,346000000.0,5000000.0,1000000.0,,379000000.0,328000000.0,11000000.0,10000000.0,1072000000.0,892000000.0,892000000.0,775000000.0,3074000000.0,1355000000.0,988000000.0,24000000.0,227000000.0,159000000.0,148000000.0,59000000.0,4319000000.0,4198000000.0,4074000000.0,1218000000.0,1816000000.0,933000000.0,607000000.0,3830000000.0,5429000000.0,5405000000.0,5343000000.0,932000000.0,2713000000.0,1898000000.0,1799000000.0,94000000.0,,,,,,,,,,,100000000.0,
75,entity00120021_udf_CF_2017113153146964_udf_CF_2017113153122135_CashFlowsFromUsedInInvestingActivities,장기기타채권의 감소,Decrease in non-current other receivables,현금흐름표 [abstract],투자활동으로 인한 현금흐름,투자활동으로 인한 현금유입액:,장기기타채권의 감소,3000000.0,721000000.0,672000000.0,474000000.0,13000000.0,32000000.0,59000000.0,111000000.0,111000000.0,1374000000.0,737000000.0,372000000.0,326000000.0,325000000.0,281000000.0,273000000.0,200000000.0,1497000000.0,1126000000.0,1018000000.0,945000000.0,4006000000.0,1523000000.0,1396000000.0,543000000.0,6124000000.0,3687000000.0,356000000.0,995000000.0,2352000000.0,2172000000.0,1469000000.0,193000000.0,7597000000.0,294000000.0,228000000.0,161000000.0,1913000000.0,763000000.0,1120000000.0,475000000.0,15550000000.0,15362000000.0,,,,,,,,,,,,,100000000.0,
76,entity00120021_udf_CF_2017113175235184_udf_CF_2017113153122135_CashFlowsFromUsedInInvestingActivities,종속기업투자의 처분,Proceeds from sales of  in subsidiaries,현금흐름표 [abstract],투자활동으로 인한 현금흐름,투자활동으로 인한 현금유입액:,종속기업투자의 처분,,576536000000.0,2013000000.0,,,43453000000.0,,,,505046000000.0,,,,1670000000.0,,,,,,,,,,,,4018000000.0,4018000000.0,4018000000.0,,,,,,,,,,,,,,,,,,,,,,,,,,,,100000000.0,
77,entity00120021_udf_CF_2020341910912_udf_CF_2017113153122135_CashFlowsFromUsedInInvestingActivities,관계기업투자의 처분,Proceeds from sales of investments in associates,현금흐름표 [abstract],투자활동으로 인한 현금흐름,투자활동으로 인한 현금유입액:,관계기업투자의 처분,4646000000.0,521000000.0,,,,,,,,,,,,195000000.0,,,,186000000.0,186000000.0,186000000.0,,4766000000.0,,,,11186000000.0,,,,113000000.0,113000000.0,113000000.0,113000000.0,,,,,,,,,246000000.0,,,,10332000000.0,2151000000.0,13274000000.0,11298000000.0,84640000000.0,1172627000000.0,850799000000.0,,,,100000000.0,
78,entity00120021_udf_CF_2017113153132776_udf_CF_2017113153122135_CashFlowsFromUsedInInvestingActivities,유형자산의 처분,Proceeds from sales of tangible assets,현금흐름표 [abstract],투자활동으로 인한 현금흐름,투자활동으로 인한 현금유입액:,유형자산의 처분,291000000.0,3019000000.0,2744000000.0,2455000000.0,2073000000.0,27760000000.0,27149000000.0,24700000000.0,1202000000.0,32894000000.0,1517000000.0,1499000000.0,681000000.0,10152000000.0,9598000000.0,5087000000.0,452000000.0,6835000000.0,4305000000.0,2183000000.0,1768000000.0,5054000000.0,4244000000.0,3897000000.0,2922000000.0,8204000000.0,5918000000.0,5741000000.0,3466000000.0,5368000000.0,3915000000.0,3028000000.0,570000000.0,3062000000.0,821000000.0,694000000.0,102000000.0,4136000000.0,3670000000.0,3545000000.0,338000000.0,12869000000.0,2597000000.0,508000000.0,125000000.0,649102000000.0,277157000000.0,393114000000.0,281274000000.0,543315000000.0,785492000000.0,124926000000.0,,,,100000000.0,
79,entity00120021_udf_CF_2017113153131991_udf_CF_2017113153122135_CashFlowsFromUsedInInvestingActivities,투자부동산의 처분,Proceeds from sales of investment property,현금흐름표 [abstract],투자활동으로 인한 현금흐름,투자활동으로 인한 현금유입액:,투자부동산의 처분,,1466000000.0,1466000000.0,182000000.0,182000000.0,2444000000.0,2431000000.0,605000000.0,591000000.0,9850000000.0,9850000000.0,9850000000.0,9850000000.0,,,,,,,,,,,,,,,,,,,,,,,,,,,,,1137000000.0,125000000.0,92000000.0,1046000000.0,,,,,,,,,,,100000000.0,
80,entity00120021_udf_CF_2017113153131224_udf_CF_2017113153122135_CashFlowsFromUsedInInvestingActivities,무형자산의 처분,Proceeds from sales of intangible assets,현금흐름표 [abstract],투자활동으로 인한 현금흐름,투자활동으로 인한 현금유입액:,무형자산의 처분,814000000.0,3195000000.0,812000000.0,1412000000.0,181000000.0,1019000000.0,793000000.0,566000000.0,25000000.0,2806000000.0,2856000000.0,2568000000.0,1380000000.0,2176000000.0,1333000000.0,786000000.0,570000000.0,6537000000.0,6217000000.0,6216000000.0,216000000.0,2628000000.0,2227000000.0,1737000000.0,1217000000.0,1810000000.0,1409000000.0,1209000000.0,603000000.0,192000000.0,137000000.0,137000000.0,95000000.0,68000000.0,68000000.0,68000000.0,,359000000.0,43000000.0,44000000.0,,2204000000.0,827000000.0,64000000.0,,9337000000.0,24161000000.0,25285000000.0,59322000000.0,2154000000.0,,,,,2520355000.0,100000000.0,
81,entity00120021_udf_CF_202034193453116_udf_CF_2017113153122135_CashFlowsFromUsedInInvestingActivities,매각예정자산(관련부채)의 처분,Proceeds from liabilities included in disposal groups classified as held for sale,현금흐름표 [abstract],투자활동으로 인한 현금흐름,투자활동으로 인한 현금유입액:,매각예정자산(관련부채)의 처분,,,,,,,,,,26279000000.0,,,,,,,,329000000.0,329000000.0,329000000.0,329000000.0,12000000000.0,10627000000.0,2943000000.0,,,,,,438000000.0,187000000.0,145000000.0,45000000.0,,,,,,,,,,,,,,,,,,,,,,,100000000.0,
82,entity00120021_udf_CF_202034193656692_udf_CF_2017113153122135_CashFlowsFromUsedInInvestingActivities,종속기업에 대한 지배력 획득,Acquisition control of subsidiaries,현금흐름표 [abstract],투자활동으로 인한 현금흐름,투자활동으로 인한 현금유입액:,종속기업에 대한 지배력 획득,,,,,,4114000000.0,,,,,,,,,,,,427000000.0,455000000.0,449000000.0,,,,,,,,,,3069000000.0,,,,,,,,,,,,,,,,,,,,,,,,,,100000000.0,
83,entity00120021_udf_CF_20181031111050524_udf_CF_2017113153122135_CashFlowsFromUsedInInvestingActivities,기타의 투자활동 유입,Cash inflows from other investing activities,현금흐름표 [abstract],투자활동으로 인한 현금흐름,투자활동으로 인한 현금유입액:,기타의 투자활동 유입,,384000000.0,379000000.0,379000000.0,38000000.0,822000000.0,93000000.0,,,,,,,,,,,261000000.0,72000000.0,73000000.0,,,,,,,,,,,,,,257000000.0,253000000.0,289000000.0,255000000.0,,,3000000.0,2788000000.0,,319000000.0,318000000.0,,,,,,,,,,,,100000000.0,
84,entity00120021_udf_CF_2017113153124565_CashFlowsFromUsedInInvestingActivities,투자활동으로 인한 현금유출액:,Cash outflows from (used in) investing activities:,현금흐름표 [abstract],투자활동으로 인한 현금흐름,투자활동으로 인한 현금유출액:,,-219716000000.0,-1303039000000.0,-901648000000.0,-660781000000.0,-174799000000.0,-1551238000000.0,-1305138000000.0,-693266000000.0,-322931000000.0,-2053864000000.0,-1366554000000.0,-484607000000.0,-161176000000.0,-858154000000.0,-608410000000.0,-337755000000.0,-164324000000.0,-875006000000.0,-672226000000.0,-470347000000.0,-98615000000.0,-1369230000000.0,-1059705000000.0,-883344000000.0,-513319000000.0,-902775000000.0,-681918000000.0,-529062000000.0,-239338000000.0,-814894000000.0,-556671000000.0,-407023000000.0,-192072000000.0,-1464007000000.0,-822463000000.0,-595544000000.0,-280625000000.0,-1097874000000.0,-780762000000.0,-524824000000.0,-121854000000.0,-1005225000000.0,-284055000000.0,-258827000000.0,-102852000000.0,-14066828000000.0,-7384672000000.0,-9448289000000.0,-10952706000000.0,-12405173000000.0,-14018200000000.0,-3470535000000.0,-742700662000.0,-1337054462000.0,-1146228428000.0,-1154955102.0,-1049583572.0
85,entity00120021_udf_CF_2017113153417276_udf_CF_2017113153124565_CashFlowsFromUsedInInvestingActivities,금융기관예치금의 증가,Increase in financial institution deposits,현금흐름표 [abstract],투자활동으로 인한 현금흐름,투자활동으로 인한 현금유출액:,금융기관예치금의 증가,168655000000.0,890053000000.0,531168000000.0,368150000000.0,104650000000.0,692941000000.0,572351000000.0,483882000000.0,212236000000.0,994159000000.0,974278000000.0,221322000000.0,72129000000.0,292391000000.0,160515000000.0,176834000000.0,87184000000.0,513209000000.0,389693000000.0,307187000000.0,28827000000.0,620123000000.0,483472000000.0,430235000000.0,232569000000.0,450538000000.0,373376000000.0,298063000000.0,157986000000.0,249378000000.0,168344000000.0,157795000000.0,66519000000.0,431606000000.0,201911000000.0,139391000000.0,51021000000.0,607186000000.0,434616000000.0,297868000000.0,18068000000.0,629339000000.0,,,,,,,,,,,,,,100000000.0,
86,entity00120021_udf_CF_201711315342534_udf_CF_2017113153124565_CashFlowsFromUsedInInvestingActivities,파생상품의 처분,Acquisition of derivative instruments,현금흐름표 [abstract],투자활동으로 인한 현금흐름,투자활동으로 인한 현금유출액:,파생상품의 처분,3011000000.0,15163000000.0,4414000000.0,2352000000.0,590000000.0,13600000000.0,4856000000.0,2523000000.0,946000000.0,12899000000.0,10008000000.0,8555000000.0,7875000000.0,13992000000.0,14789000000.0,6492000000.0,2833000000.0,7506000000.0,3246000000.0,3121000000.0,851000000.0,6101000000.0,6279000000.0,4725000000.0,1055000000.0,7737000000.0,6601000000.0,3471000000.0,1959000000.0,11981000000.0,7563000000.0,2381000000.0,1564000000.0,3662000000.0,6014000000.0,4910000000.0,11000000.0,262000000.0,3868000000.0,3868000000.0,108000000.0,8042000000.0,5348000000.0,4781000000.0,,138886000000.0,19797000000.0,39090000000.0,93224000000.0,,,,,,,100000000.0,
87,entity00120021_udf_CF_2017113153424259_udf_CF_2017113153124565_CashFlowsFromUsedInInvestingActivities,기타채권의 증가,Increase in other receivables,현금흐름표 [abstract],투자활동으로 인한 현금흐름,투자활동으로 인한 현금유출액:,기타채권의 증가,-718000000.0,3722000000.0,2933000000.0,4261000000.0,3765000000.0,17782000000.0,6259000000.0,6527000000.0,1037000000.0,13455000000.0,7692000000.0,3276000000.0,2165000000.0,18544000000.0,8808000000.0,3696000000.0,627000000.0,27052000000.0,22084000000.0,16993000000.0,9841000000.0,10887000000.0,2193000000.0,854000000.0,666000000.0,12666000000.0,8204000000.0,8020000000.0,1533000000.0,39961000000.0,36674000000.0,36725000000.0,32414000000.0,38108000000.0,7209000000.0,5308000000.0,3170000000.0,6315000000.0,4858000000.0,3286000000.0,1047000000.0,8137000000.0,15452000000.0,8483000000.0,,,,,,,,,,,,100000000.0,
88,entity00120021_udf_CF_2017113153423514_udf_CF_2017113153124565_CashFlowsFromUsedInInvestingActivities,기타금융자산의 취득,Acquisition of other financial assets,현금흐름표 [abstract],투자활동으로 인한 현금흐름,투자활동으로 인한 현금유출액:,기타금융자산의 취득,3958000000.0,10035000000.0,3085000000.0,2316000000.0,1100000000.0,2910000000.0,2908000000.0,204000000.0,4000000.0,406000000.0,405000000.0,201000000.0,,1207000000.0,801000000.0,301000000.0,159000000.0,660000000.0,387000000.0,387000000.0,62000000.0,3133000000.0,2175000000.0,2172000000.0,26000000.0,466000000.0,396000000.0,333000000.0,242000000.0,3870000000.0,2892000000.0,2765000000.0,387000000.0,3577000000.0,3706000000.0,2190000000.0,136000000.0,4137000000.0,3287000000.0,823000000.0,157000000.0,14292000000.0,14080000000.0,13043000000.0,229000000.0,,,,,,,,,,,100000000.0,
89,entity00120021_udf_CF_2017113153422794_udf_CF_2017113153124565_CashFlowsFromUsedInInvestingActivities,장기기타채권의 증가,Increase in non-current other receivables,현금흐름표 [abstract],투자활동으로 인한 현금흐름,투자활동으로 인한 현금유출액:,장기기타채권의 증가,432000000.0,2545000000.0,2304000000.0,788000000.0,79000000.0,4707000000.0,3002000000.0,2957000000.0,1190000000.0,3337000000.0,2819000000.0,2234000000.0,293000000.0,1200000000.0,832000000.0,559000000.0,798000000.0,2810000000.0,1987000000.0,1502000000.0,1116000000.0,5430000000.0,3907000000.0,1831000000.0,457000000.0,20114000000.0,6216000000.0,370000000.0,2030000000.0,5608000000.0,4980000000.0,2961000000.0,1116000000.0,15124000000.0,7820000000.0,6332000000.0,2962000000.0,3099000000.0,3654000000.0,2949000000.0,1975000000.0,19915000000.0,15452000000.0,7984000000.0,,,,,,,,,,,,100000000.0,
90,entity00120021_udf_CF_201958131715779_udf_CF_2017113153124565_CashFlowsFromUsedInInvestingActivities,종속기업투자의 취득,Acquisition of investments in subsidiary,현금흐름표 [abstract],투자활동으로 인한 현금흐름,투자활동으로 인한 현금유출액:,종속기업투자의 취득,20485000000.0,10540000000.0,10540000000.0,5243000000.0,5243000000.0,,424531000000.0,,,,6150000000.0,6149000000.0,,,17018000000.0,4603000000.0,1469000000.0,,40567000000.0,3169000000.0,492000000.0,3353000000.0,99725000000.0,99034000000.0,148000000.0,4678000000.0,48000000.0,4664000000.0,,,14977000000.0,13483000000.0,117000000.0,,3437000000.0,3437000000.0,,,113000000.0,113000000.0,,,1246000000.0,1000000000.0,,,,,,,,,,,,100000000.0,
91,entity00120021_udf_CF_2019116172010382_udf_CF_2017113153124565_CashFlowsFromUsedInInvestingActivities,관계기업투자의 취득,Acquisition of investments in associates,현금흐름표 [abstract],투자활동으로 인한 현금흐름,투자활동으로 인한 현금유출액:,관계기업투자의 취득,20485000000.0,,44524000000.0,,27027000000.0,424530000000.0,424531000000.0,,93598000000.0,319167000000.0,6150000000.0,138741000000.0,73813000000.0,17143000000.0,187464000000.0,137791000000.0,1469000000.0,41512000000.0,40567000000.0,130276000000.0,492000000.0,129389000000.0,245036000000.0,99034000000.0,148000000.0,4657000000.0,229312000000.0,164792000000.0,59528000000.0,17028000000.0,257770000000.0,158232000000.0,81868000000.0,249734000000.0,527042000000.0,402550000000.0,206114000000.0,508000000.0,257581000000.0,171875000000.0,72359000000.0,17604000000.0,150579000000.0,122059000000.0,52759000000.0,,,,,,,,,,,100000000.0,
92,entity00120021_udf_CF_201885111230150_udf_CF_2017113153124565_CashFlowsFromUsedInInvestingActivities,유형자산의 취득,Purchase of tangible assets,현금흐름표 [abstract],투자활동으로 인한 현금흐름,투자활동으로 인한 현금유출액:,유형자산의 취득,20485000000.0,62312000000.0,44524000000.0,30697000000.0,27027000000.0,263549000000.0,424531000000.0,149636000000.0,93598000000.0,292094000000.0,6150000000.0,138741000000.0,73813000000.0,274496000000.0,187464000000.0,4603000000.0,1469000000.0,263024000000.0,40567000000.0,3169000000.0,492000000.0,360790000000.0,245036000000.0,99034000000.0,148000000.0,330929000000.0,48000000.0,164792000000.0,59528000000.0,378382000000.0,14977000000.0,13483000000.0,117000000.0,600379000000.0,527042000000.0,402550000000.0,206114000000.0,374179000000.0,257581000000.0,171875000000.0,72359000000.0,197982000000.0,150579000000.0,122059000000.0,52759000000.0,8189791000000.0,5071208000000.0,6778363000000.0,7929722000000.0,7486467000000.0,5285446000000.0,2358846000000.0,,,,100000000.0,
93,entity00120021_udf_CF_2017113153421547_udf_CF_2017113153124565_CashFlowsFromUsedInInvestingActivities,투자부동산의 취득,Purchase of investment property,현금흐름표 [abstract],투자활동으로 인한 현금흐름,투자활동으로 인한 현금유출액:,투자부동산의 취득,11634000000.0,282987000000.0,44524000000.0,237956000000.0,27027000000.0,98776000000.0,206010000000.0,34637000000.0,93598000000.0,389187000000.0,233689000000.0,88880000000.0,73813000000.0,212534000000.0,187464000000.0,35000000.0,1469000000.0,903000000.0,40567000000.0,130276000000.0,492000000.0,200535000000.0,245036000000.0,135196000000.0,148000000.0,23586000000.0,48000000.0,164792000000.0,59528000000.0,60910000000.0,14977000000.0,158232000000.0,117000000.0,71773000000.0,527042000000.0,402550000000.0,206114000000.0,76249000000.0,257581000000.0,171875000000.0,72359000000.0,91526000000.0,150579000000.0,122059000000.0,52759000000.0,,,,,,,,,,,100000000.0,
94,entity00120021_udf_CF_2017113153420866_udf_CF_2017113153124565_CashFlowsFromUsedInInvestingActivities,무형자산의 취득,Purchase of intangible asset,현금흐름표 [abstract],투자활동으로 인한 현금흐름,투자활동으로 인한 현금유출액:,무형자산의 취득,463000000.0,25681000000.0,278932000000.0,4000000000.0,28800000000.0,32413000000.0,60674000000.0,8993000000.0,9244000000.0,29160000000.0,104728000000.0,16003000000.0,1287000000.0,25050000000.0,210073000000.0,7320000000.0,65903000000.0,16741000000.0,198013000000.0,187000000.0,52575000000.0,29489000000.0,200928000000.0,202420000000.0,271782000000.0,47404000000.0,22721000000.0,22805000000.0,59528000000.0,47776000000.0,38253000000.0,17119000000.0,81868000000.0,45077000000.0,42450000000.0,24436000000.0,206114000000.0,25897000000.0,59418000000.0,35980000000.0,72359000000.0,22015000000.0,76144000000.0,71404000000.0,52759000000.0,317116000000.0,213630000000.0,313556000000.0,247480000000.0,123818000000.0,162809000000.0,411155000000.0,42226672000.0,56528939000.0,30305385000.0,4137477.0,20659179.0
95,entity00120021_udf_CF_201972918648686_udf_CF_2017113153124565_CashFlowsFromUsedInInvestingActivities,기타의투자활동유출,Cash outflows from other invest,현금흐름표 [abstract],투자활동으로 인한 현금흐름,투자활동으로 인한 현금유출액:,기타의투자활동유출,77000000.0,1000000.0,1000000.0,1000000.0,,30000000.0,,,,,,,,,,,,1589000000.0,1568000000.0,,1500000000.0,,,,,,,,,,,,,171000000.0,,,,,,,,,,,,,,,,,,,,,,100000000.0,
96,ifrs-full_CashFlowsFromUsedInFinancingActivities,재무활동으로 인한 현금흐름,Cash flows from (used in) financing activities,현금흐름표 [abstract],재무활동으로 인한 현금흐름,,,-4942000000.0,-508806000000.0,-296483000000.0,-342565000000.0,-18185000000.0,-126414000000.0,-76985000000.0,-108386000000.0,6986000000.0,-139815000000.0,-468090000000.0,-435947000000.0,-216498000000.0,-275450000000.0,-341891000000.0,-298100000000.0,6854000000.0,-145194000000.0,-116078000000.0,-13537000000.0,-88035000000.0,-59860000000.0,66548000000.0,191114000000.0,363920000000.0,-17701000000.0,149977000000.0,125630000000.0,330828000000.0,-713000000.0,111078000000.0,6288000000.0,104251000000.0,326263000000.0,546388000000.0,248032000000.0,336079000000.0,-482774000000.0,-360398000000.0,-398681000000.0,35906000000.0,-265991000000.0,-129257000000.0,-105723000000.0,133405000000.0,1334100000000.0,-2146823000000.0,-1516680000000.0,886244000000.0,3006996000000.0,743541000000.0,-446247000000.0,506708549000.0,209024442000.0,-548744705000.0,-988615156.0,1028511988.0
97,entity00120021_udf_CF_201711315364029_CashFlowsFromUsedInFinancingActivities,재무활동으로 인한 현금유입액:,Cash inflows from (used in) financing activities:,현금흐름표 [abstract],재무활동으로 인한 현금흐름,재무활동으로 인한 현금유입액:,,8901000000.0,182000000000.0,143474000000.0,93393000000.0,57570000000.0,456172000000.0,447057000000.0,413139000000.0,14590000000.0,1147510000000.0,798134000000.0,665721000000.0,287111000000.0,759984000000.0,448318000000.0,337834000000.0,177080000000.0,1810382000000.0,1275877000000.0,854422000000.0,216439000000.0,1354017000000.0,1004945000000.0,879392000000.0,633118000000.0,1065357000000.0,843751000000.0,688386000000.0,499487000000.0,1524668000000.0,1614991000000.0,1085918000000.0,525689000000.0,2060637000000.0,2168463000000.0,1371494000000.0,753978000000.0,769023000000.0,548872000000.0,362306000000.0,181944000000.0,928676000000.0,604202000000.0,580315000000.0,376772000000.0,12590578000000.0,10893341000000.0,12963008000000.0,15030909000000.0,15624395000000.0,14413474000000.0,2710845000000.0,754968222000.0,1728699942000.0,1514927730000.0,1970511314.0,9750942249.0
98,entity00120021_udf_CF_2017113153648947_udf_CF_201711315364029_CashFlowsFromUsedInFinancingActivities,단기차입금의 차입,Proceeds from short term borrowings,현금흐름표 [abstract],재무활동으로 인한 현금흐름,재무활동으로 인한 현금유입액:,단기차입금의 차입,8897000000.0,149433000000.0,29780000000.0,30157000000.0,23818000000.0,54364000000.0,45556000000.0,28409000000.0,14529000000.0,549909000000.0,538777000000.0,406364000000.0,177203000000.0,478294000000.0,401449000000.0,290993000000.0,146467000000.0,1064357000000.0,730222000000.0,307833000000.0,183837000000.0,760325000000.0,409436000000.0,283680000000.0,176198000000.0,646901000000.0,528742000000.0,379051000000.0,312533000000.0,1042404000000.0,1234167000000.0,708616000000.0,308252000000.0,1163790000000.0,1454546000000.0,946479000000.0,485451000000.0,586301000000.0,458499000000.0,282372000000.0,162468000000.0,569366000000.0,321147000000.0,318800000000.0,160316000000.0,10399883000000.0,7424865000000.0,7114079000000.0,6406823000000.0,5203240000000.0,3975764000000.0,15249000000.0,95514705000.0,397910836000.0,935867374000.0,45542365.0,8408622740.0
99,entity00120021_udf_CF_201972918825751_udf_CF_201711315364029_CashFlowsFromUsedInFinancingActivities,장기차입금의 차입,Proceeds from long term borrowings,현금흐름표 [abstract],재무활동으로 인한 현금흐름,재무활동으로 인한 현금유입액:,장기차입금의 차입,,32090000000.0,113342000000.0,63041000000.0,33752000000.0,32629000000.0,32335000000.0,15724000000.0,,139021000000.0,258928000000.0,,109563000000.0,80000000000.0,4000000.0,45000000000.0,30000000000.0,215414000000.0,215413000000.0,216799000000.0,31599000000.0,420099000000.0,422282000000.0,423352000000.0,285179000000.0,205686000000.0,206000000000.0,203053000000.0,185000000000.0,14956000000.0,14348000000.0,14113000000.0,4756000000.0,482872000000.0,300005000000.0,211103000000.0,111611000000.0,138170000000.0,76485000000.0,76986000000.0,18141000000.0,84659000000.0,60706000000.0,260064000000.0,5993000000.0,1057477000000.0,1318604000000.0,1917639000000.0,1284692000000.0,854953000000.0,782451000000.0,386475000000.0,85410444000.0,169689483000.0,12335070000.0,,
100,entity00120021_udf_CF_202034195121615_udf_CF_201711315364029_CashFlowsFromUsedInFinancingActivities,장기기타채무의 증가,Increase in other long-term liabilities,현금흐름표 [abstract],재무활동으로 인한 현금흐름,재무활동으로 인한 현금유입액:,장기기타채무의 증가,,,,,,,,,,35000000.0,,,,540000000.0,1000000.0,540000000.0,539000000.0,,3000000.0,3000000.0,1000000.0,91000000.0,42000000.0,41000000.0,2000000.0,176000000.0,6000000.0,4000000.0,2000000.0,21000000.0,17000000.0,11000000.0,4000000.0,42000000.0,37000000.0,14000000.0,10000000.0,281000000.0,275000000.0,249000000.0,8000000.0,157000000.0,146000000.0,36000000.0,18000000.0,,,,,,,,,,,100000000.0,
101,entity00120021_udf_CF_2017113153655864_udf_CF_201711315364029_CashFlowsFromUsedInFinancingActivities,사채의 증가,Issuance of debentures,현금흐름표 [abstract],재무활동으로 인한 현금흐름,재무활동으로 인한 현금유입액:,사채의 증가,,,,,,368585000000.0,368572000000.0,368572000000.0,,458108000000.0,258928000000.0,258928000000.0,109563000000.0,199185000000.0,4000000.0,4000000.0,,527729000000.0,328529000000.0,328529000000.0,,169563000000.0,169563000000.0,169563000000.0,169563000000.0,199157000000.0,99576000000.0,99576000000.0,,458014000000.0,358436000000.0,358436000000.0,209103000000.0,409311000000.0,409311000000.0,209311000000.0,149311000000.0,,,,,269170000000.0,219358000000.0,,209358000000.0,,,,,,,,,,,100000000.0,
102,entity00120021_udf_CF_201958152247461_udf_CF_201711315364029_CashFlowsFromUsedInFinancingActivities,정부보조금의 증가,Increase in goverment subsidy,현금흐름표 [abstract],재무활동으로 인한 현금흐름,재무활동으로 인한 현금유입액:,정부보조금의 증가,4000000.0,477000000.0,352000000.0,195000000.0,,594000000.0,594000000.0,434000000.0,61000000.0,237000000.0,229000000.0,229000000.0,147000000.0,853000000.0,544000000.0,513000000.0,74000000.0,2534000000.0,1713000000.0,1261000000.0,1003000000.0,3939000000.0,3574000000.0,2706000000.0,2088000000.0,8044000000.0,4593000000.0,2042000000.0,1954000000.0,8015000000.0,7901000000.0,4605000000.0,3439000000.0,3332000000.0,3332000000.0,3332000000.0,3332000000.0,3582000000.0,3771000000.0,2648000000.0,1335000000.0,2891000000.0,1565000000.0,1168000000.0,1101000000.0,,,,,,,,,,,100000000.0,
103,entity00120021_udf_CF_202034195210547_udf_CF_201711315364029_CashFlowsFromUsedInFinancingActivities,연결자본거래로 인한 현금유입,Cash inflows from consolidated capital transactions,현금흐름표 [abstract],재무활동으로 인한 현금흐름,재무활동으로 인한 현금유입액:,연결자본거래로 인한 현금유입,,,,,,,,,,200000000.0,200000000.0,200000000.0,,,,,,,,,,,,,,,,,,,,,,100000000.0,,,3242000000.0,3300000000.0,,,,,,,,,200290000000.0,26390000000.0,432489000000.0,,,,,,,100000000.0,
104,entity00120021_udf_CF_201711315364636_CashFlowsFromUsedInFinancingActivities,재무활동으로 인한 현금유출액:,Cash outflows from (used in) financing activities:,현금흐름표 [abstract],재무활동으로 인한 현금흐름,재무활동으로 인한 현금유출액:,,-13843000000.0,-690806000000.0,-439957000000.0,-435958000000.0,-75755000000.0,-582586000000.0,-524042000000.0,-521525000000.0,-7604000000.0,-1287325000000.0,-1266224000000.0,-1101668000000.0,-503609000000.0,-1035434000000.0,-790209000000.0,-635934000000.0,-170226000000.0,-1955576000000.0,-1391955000000.0,-867959000000.0,-304474000000.0,-1413877000000.0,-938397000000.0,-688278000000.0,-269198000000.0,-1083058000000.0,-693774000000.0,-562756000000.0,-168659000000.0,-1525381000000.0,-1503913000000.0,-1079630000000.0,-421438000000.0,-1734374000000.0,-1622075000000.0,-1123462000000.0,-417899000000.0,-1251797000000.0,-909270000000.0,-760987000000.0,-146038000000.0,-1194667000000.0,-733459000000.0,-686038000000.0,-243367000000.0,-11256478000000.0,-13040164000000.0,-14479688000000.0,-14144665000000.0,-12617399000000.0,-13669933000000.0,-3157092000000.0,-248259673000.0,-1519675500000.0,-2063672435000.0,-2959126470.0,-8722430261.0
105,entity00120021_udf_CF_2017113153853135_udf_CF_201711315364636_CashFlowsFromUsedInFinancingActivities,단기차입금의 상환,Repayments of short term borrowings,현금흐름표 [abstract],재무활동으로 인한 현금흐름,재무활동으로 인한 현금유출액:,단기차입금의 상환,10533000000.0,45489000000.0,45213000000.0,44339000000.0,43813000000.0,29783000000.0,22164000000.0,20060000000.0,7191000000.0,539615000000.0,521285000000.0,371742000000.0,138696000000.0,460020000000.0,343308000000.0,239753000000.0,87394000000.0,1076048000000.0,682424000000.0,345711000000.0,150659000000.0,689090000000.0,299442000000.0,221147000000.0,74832000000.0,716900000000.0,375476000000.0,292198000000.0,111928000000.0,1021416000000.0,1076542000000.0,676378000000.0,266139000000.0,1123526000000.0,1163578000000.0,717536000000.0,268788000000.0,626220000000.0,429431000000.0,292256000000.0,66828000000.0,813111000000.0,417203000000.0,449308000000.0,194350000000.0,8095339000000.0,7694221000000.0,7385201000000.0,7582311000000.0,3411242000000.0,3512319000000.0,,903553000.0,464978070000.0,881004308000.0,976046758.0,8179610793.0
106,entity00120021_udf_CF_201711315394397_udf_CF_201711315364636_CashFlowsFromUsedInFinancingActivities,장기차입금의 상환,Repayments of long-term borrowings,현금흐름표 [abstract],재무활동으로 인한 현금흐름,재무활동으로 인한 현금유출액:,장기차입금의 상환,,112792000000.0,28265000000.0,28265000000.0,28266000000.0,,,,,22500000000.0,22500000000.0,22500000000.0,22500000000.0,,,,,124577000000.0,123652000000.0,86871000000.0,50111000000.0,39843000000.0,40455000000.0,,,69320000000.0,52694000000.0,32694000000.0,30000000000.0,136000000.0,2990000000.0,2990000000.0,1792000000.0,17799000000.0,5550000000.0,,,1284000000.0,6834000000.0,78104000000.0,,146176000000.0,109248000000.0,94072000000.0,,140754000000.0,856555000000.0,334177000000.0,165528000000.0,193571000000.0,460478000000.0,261750000000.0,104150000.0,46169217000.0,22271597000.0,298057578.0,3868947.0
107,entity00120021_udf_CF_201972918939150_udf_CF_201711315364636_CashFlowsFromUsedInFinancingActivities,사채의상환,Repayments of debentures,현금흐름표 [abstract],재무활동으로 인한 현금흐름,재무활동으로 인한 현금유출액:,사채의상환,,110000000000.0,,,,240000000000.0,190000000000.0,190000000000.0,,320000000000.0,320000000000.0,320000000000.0,270000000000.0,100000000000.0,,,,401302000000.0,301302000000.0,180759000000.0,60000000000.0,320161000000.0,320161000000.0,220161000000.0,160161000000.0,477000000.0,477000000.0,477000000.0,,170598000000.0,130598000000.0,130598000000.0,129993000000.0,192042000000.0,91167000000.0,90288000000.0,80000000000.0,260000000000.0,190000000000.0,190000000000.0,40000000000.0,70000000000.0,40000000000.0,,20000000000.0,88308000000.0,758053000000.0,,683865000000.0,300416000000.0,602564000000.0,236593000000.0,,,123911502000.0,805135199.0,80000000.0
108,entity00120021_udf_CF_201711315392574_udf_CF_201711315364636_CashFlowsFromUsedInFinancingActivities,유동성장기차입금의 상환,Repayments of current portion of long-term borrowings,현금흐름표 [abstract],재무활동으로 인한 현금흐름,재무활동으로 인한 현금유출액:,유동성장기차입금의 상환,413000000.0,51652000000.0,1239000000.0,826000000.0,413000000.0,81364000000.0,80439000000.0,80026000000.0,413000000.0,161952000000.0,161539000000.0,146526000000.0,72013000000.0,237927000000.0,212247000000.0,161776000000.0,82555000000.0,171729000000.0,105439000000.0,75628000000.0,43525000000.0,185065000000.0,98837000000.0,67609000000.0,33524000000.0,113232000000.0,82388000000.0,55063000000.0,26604000000.0,137339000000.0,98849000000.0,75621000000.0,22609000000.0,203630000000.0,165295000000.0,120354000000.0,66048000000.0,169475000000.0,93103000000.0,5999000000.0,32391000000.0,1790000000.0,2734000000.0,901000000.0,,,,,,,,,,,,100000000.0,
109,entity00120021_udf_CF_20203419538711_udf_CF_201711315364636_CashFlowsFromUsedInFinancingActivities,파생상품의 처분,Disposals of derivative instruments,현금흐름표 [abstract],재무활동으로 인한 현금흐름,재무활동으로 인한 현금유출액:,파생상품의 처분,3011000000.0,,4414000000.0,2352000000.0,590000000.0,,4856000000.0,2523000000.0,946000000.0,249000000.0,10008000000.0,8555000000.0,7875000000.0,686000000.0,14789000000.0,6492000000.0,2833000000.0,3011000000.0,3246000000.0,3121000000.0,851000000.0,117000000.0,6279000000.0,4725000000.0,1055000000.0,9035000000.0,6601000000.0,3471000000.0,1959000000.0,20557000000.0,7563000000.0,2381000000.0,1564000000.0,7023000000.0,6014000000.0,4910000000.0,11000000.0,3832000000.0,3868000000.0,3868000000.0,108000000.0,8042000000.0,5348000000.0,4781000000.0,,138886000000.0,19797000000.0,39090000000.0,93224000000.0,,,,,,,100000000.0,
110,entity00120021_udf_CF_2019729181053798_udf_CF_201711315364636_CashFlowsFromUsedInFinancingActivities,배당금의지급,payment dividends,현금흐름표 [abstract],재무활동으로 인한 현금흐름,재무활동으로 인한 현금유출액:,배당금의지급,,357987000000.0,357987000000.0,357985000000.0,,231410000000.0,231410000000.0,231410000000.0,,242787000000.0,240429000000.0,240429000000.0,,230224000000.0,230224000000.0,230224000000.0,,178549000000.0,178549000000.0,178549000000.0,,178533000000.0,178533000000.0,178533000000.0,,181723000000.0,181797000000.0,181559000000.0,,192228000000.0,192233000000.0,192233000000.0,,189513000000.0,189365000000.0,189129000000.0,,182450000000.0,180420000000.0,180420000000.0,,134489000000.0,136561000000.0,136578000000.0,,659057000000.0,422894000000.0,334729000000.0,310908000000.0,606038000000.0,54702000000.0,149093000000.0,77314269000.0,85661022000.0,24574092000.0,,
111,entity00120021_udf_CF_202034195636734_udf_CF_201711315364636_CashFlowsFromUsedInFinancingActivities,종속기업의 자기주식 취득,Acquisitions of treasury stocks,현금흐름표 [abstract],재무활동으로 인한 현금흐름,재무활동으로 인한 현금유출액:,종속기업의 자기주식 취득,,,,,,,,,,75000000.0,,,,3708000000.0,,,,,,,,,,,,,,,,,,,,,,,,,,,,,,,,,,,19409000000.0,348000000.0,150768000000.0,27995000000.0,318341000.0,86209942000.0,,32830964.0,
112,entity00120021_udf_CF_201958131857791_udf_CF_201711315364636_CashFlowsFromUsedInFinancingActivities,리스부채의 상환,Repayments of lease liabilities,현금흐름표 [abstract],재무활동으로 인한 현금흐름,재무활동으로 인한 현금유출액:,리스부채의 상환,2897000000.0,12637000000.0,6983000000.0,4273000000.0,3014000000.0,,,,,,,,,,,,,,,,,,,,,,,,,,,,,,,,,,,,,,,,,,,,,,,,,,,100000000.0,
113,entity00120021_udf_CF_2017113153858702_udf_CF_201711315364636_CashFlowsFromUsedInFinancingActivities,연결자본거래로 인한 유출,Cash outflow from consolidation capital transaction,현금흐름표 [abstract],재무활동으로 인한 현금흐름,재무활동으로 인한 현금유출액:,연결자본거래로 인한 유출,,249000000.0,270000000.0,270000000.0,249000000.0,29000000.0,29000000.0,29000000.0,,,,,75000000.0,2684000000.0,133000000.0,105000000.0,105000000.0,100000000.0,,,,333000000.0,333000000.0,324000000.0,293000000.0,429000000.0,100000000.0,,,41000000.0,14000000.0,14000000.0,14000000.0,,,,,,43000000.0,43000000.0,,,20606000000.0,,,10000000.0,949000000.0,,,,,,,,,100000000.0,
114,entity00120021_udf_CF_2020341957242_udf_CF_201711315364636_CashFlowsFromUsedInFinancingActivities,기타재무활동으로 인한 유출,Others,현금흐름표 [abstract],재무활동으로 인한 현금흐름,재무활동으로 인한 현금유출액:,기타재무활동으로 인한 유출,,,,,,,,,,147000000.0,147000000.0,147000000.0,147000000.0,185000000.0,92000000.0,52000000.0,14000000.0,260000000.0,226000000.0,227000000.0,96000000.0,559000000.0,412000000.0,327000000.0,211000000.0,392000000.0,257000000.0,180000000.0,127000000.0,117000000.0,57000000.0,43000000.0,14000000.0,30000000.0,19000000.0,1000000.0,1000000.0,11000000.0,163000000.0,90000000.0,3962000000.0,359000000.0,17000000.0,19000000.0,,,,,,,,,,,,100000000.0,
115,ifrs-full_IncreaseDecreaseInCashAndCashEquivalents,현금및현금성자산의 증감,Net increase (decrease) in cash and cash equivalents,현금흐름표 [abstract],현금및현금성자산의 증감,,,197022000000.0,275865000000.0,419574000000.0,420624000000.0,167058000000.0,-290104000000.0,-370057000000.0,-130357000000.0,-4162000000.0,229341000000.0,-494130000000.0,-203443000000.0,42830000000.0,258930000000.0,25508000000.0,100767000000.0,178056000000.0,372832000000.0,286801000000.0,355951000000.0,250935000000.0,-180488000000.0,-105746000000.0,-9201000000.0,175281000000.0,174884000000.0,63357000000.0,71299000000.0,210322000000.0,72094000000.0,92145000000.0,5371000000.0,22666000000.0,88627000000.0,230915000000.0,79522000000.0,168163000000.0,-32221000000.0,-85880000000.0,-92158000000.0,,,-230614000000.0,-155022000000.0,,,,,,,,,,,,100000000.0,
116,dart_CashAndCashEquivalentsAtBeginningOfPeriodCf,기초의 현금및현금성자산,Cash and cash equivalents at beginning of period,현금흐름표 [abstract],기초의 현금및현금성자산,,,1337102000000.0,1054293000000.0,1054293000000.0,1054293000000.0,1054293000000.0,1342871000000.0,1342871000000.0,1342871000000.0,1342871000000.0,1129035000000.0,1129035000000.0,1129035000000.0,1129035000000.0,870393000000.0,870393000000.0,870393000000.0,870393000000.0,497529000000.0,497529000000.0,497529000000.0,497529000000.0,682142000000.0,682142000000.0,682142000000.0,682142000000.0,508366000000.0,508366000000.0,508366000000.0,508366000000.0,441265000000.0,441265000000.0,441265000000.0,441265000000.0,349973000000.0,349973000000.0,349973000000.0,349973000000.0,382340000000.0,382340000000.0,382340000000.0,382340000000.0,539069000000.0,539069000000.0,539069000000.0,539069000000.0,,,,,,,,,,,100000000.0,
117,entity00120021_udf_CF_2017113214167_StatementOfCashFlowsAbstract,현금및현금성자산의 환율변동으로 인한 효과,Effects of exchange rate changes on the balance of cash held in foreign currencies,현금흐름표 [abstract],현금및현금성자산의 환율변동으로 인한 효과,,,6478000000.0,6944000000.0,8875000000.0,8450000000.0,6407000000.0,1526000000.0,519000000.0,8665000000.0,6984000000.0,-15505000000.0,-1308000000.0,-4396000000.0,-10692000000.0,-288000000.0,-6167000000.0,2208000000.0,598000000.0,32000000.0,4287000000.0,1034000000.0,-110000000.0,-4125000000.0,-3083000000.0,-5591000000.0,-1148000000.0,-1108000000.0,523000000.0,4423000000.0,2589000000.0,-4993000000.0,-2345000000.0,-1174000000.0,-543000000.0,2665000000.0,2971000000.0,-3600000000.0,-2499000000.0,-146000000.0,-1912000000.0,551000000.0,-3332000000.0,-3350000000.0,-2725000000.0,-252000000.0,3166000000.0,,,,,,,,,,,100000000.0,
118,dart_CashAndCashEquivalentsAtEndOfPeriodCf,기말의 현금및현금성자산,Cash and cash equivalents at end of period,현금흐름표 [abstract],기말의 현금및현금성자산,,,1540602000000.0,1337102000000.0,1482742000000.0,1483367000000.0,1227758000000.0,1054293000000.0,973333000000.0,1221179000000.0,1345693000000.0,1342871000000.0,633597000000.0,921196000000.0,1161173000000.0,1129035000000.0,889734000000.0,973368000000.0,1049047000000.0,870393000000.0,788617000000.0,854514000000.0,748354000000.0,497529000000.0,573313000000.0,667350000000.0,856275000000.0,682142000000.0,572246000000.0,584088000000.0,721277000000.0,508366000000.0,531065000000.0,445462000000.0,463388000000.0,441265000000.0,583859000000.0,425895000000.0,515637000000.0,349973000000.0,294548000000.0,290733000000.0,362764000000.0,382340000000.0,305730000000.0,383795000000.0,427732000000.0,,,,,,,,,,,100000000.0,
