,Statement of cash flows(Unit: KRW),Statement of cash flows(Unit: KRW),20200101-20200331,20190101-20191231,20190101-20190930,20190101-20190630,20190101-20190331,20180101-20181231,20180101-20180930,20180101-20180630,20180101-20180331,20170101-20171231,20170101-20170930,20170101-20170630,20170101-20170331,20160101-20161231,20160101-20160930,20160101-20160630,20160101-20160331,20150101-20151231,20150101-20150930,20150101-20150630,20150101-20150331,20140101-20141231,20140101-20140930,20140101-20140630,20140101-20140331,20130101-20131231,20130101-20130930,20130101-20130630,20130101-20130331,20120101-20121231,20120101-20120930,20120101-20120630,20120101-20120331,20110101-20111231,20110101-20110930,20110101-20110630,20110101-20110331,20100101-20101231,20100101-20100930,20100101-20100630,20100101-20100331,20090101-20091231,20080101-20081231,20070101-20071231,20060101-20061231,20050101-20051231,20040101-20041231,20030101-20031231,20020101-20021231,20010901-20011231
,label_ko,comment,"('연결재무제표',)","('연결재무제표',)","('연결재무제표',)","('연결재무제표',)","('연결재무제표',)","('연결재무제표',)","('연결재무제표',)","('연결재무제표',)","('연결재무제표',)","('연결재무제표',)","('연결재무제표',)","('연결재무제표',)","('연결재무제표',)","('연결재무제표',)","('연결재무제표',)","('연결재무제표',)","('연결재무제표',)","('연결재무제표',)","('연결재무제표',)","('연결재무제표',)","('연결재무제표',)","('연결재무제표',)","('연결재무제표',)","('연결재무제표',)","('연결재무제표',)","('연결재무제표',)","('연결재무제표',)","('연결재무제표',)","('연결재무제표',)","('연결재무제표',)","('연결재무제표',)","('연결재무제표',)","('연결재무제표',)","('연결재무제표',)","('연결재무제표',)","('연결재무제표',)","('연결재무제표',)","('연결재무제표',)","('연결재무제표',)","('연결재무제표',)","('연결재무제표',)","('연결재무제표',)","('연결재무제표',)","('연결재무제표',)","('연결재무제표',)","('연결재무제표',)","('연결재무제표',)","('연결재무제표',)","('연결재무제표',)","('연결재무제표',)"
0,Ⅰ.영업활동으로인한현금흐름,,-223246000000.0,7179046000000.0,9087088000000.0,3635077000000.0,2159270000000.0,-6320196000000.0,-797770000000.0,-2555655000000.0,-45802000000.0,1021334000000.0,-1371747000000.0,-1235535000000.0,600382000000.0,3797177000000.0,2350484000000.0,1553239000000.0,-21166000000.0,2970314000000.0,725919000000.0,-1348396000000.0,-2737857000000.0,-2080644000000.0,-2304983000000.0,-1061672000000.0,-2362185000000.0,-1099517000000.0,-2787716000000.0,-4487886000000.0,-5216920000000.0,9068314000000.0,2504851000000.0,3323187000000.0,498767000000.0,1411073000000.0,2526400000000.0,-1692058000000.0,2337698000000.0,1230954000000.0,3011803000000.0,5424647000000.0,7976185000000.0,408701000000.0,-17896899000000.0,-23688474000000.0,-13824470000000.0,3499410000000.0,709327000000.0,1497636000000.0,1544032000000.0,214792512951.0
1,(1)법인세비용차감전순이익,,1276582000000.0,4911508000000.0,4152894000000.0,2736571000000.0,1322544000000.0,4466610000000.0,3669060000000.0,2502804000000.0,1194044000000.0,3797608000000.0,3575725000000.0,2495232000000.0,1305715000000.0,3170472000000.0,,,,3140577000000.0,,,,2867576000000.0,,,,2676553000000.0,2220661000000.0,1460809000000.0,681260000000.0,3230636000000.0,,,,,,,,,,,,,,,,,,,,
2,(2)손익조정사항,,-2493514000000.0,-9820122000000.0,-7319815000000.0,-4828519000000.0,-2401667000000.0,-8667915000000.0,-6428637000000.0,-4241499000000.0,-2076205000000.0,-8100259000000.0,-5971938000000.0,-3934356000000.0,-1946427000000.0,-7486989000000.0,-5516418000000.0,-3623299000000.0,-1797676000000.0,-7001210000000.0,-5192467000000.0,-3452044000000.0,-1722468000000.0,-6965598000000.0,-5203231000000.0,-3454100000000.0,-1726394000000.0,-6760868000000.0,-5046127000000.0,-3351060000000.0,-1681799000000.0,-7154043000000.0,-5447524000000.0,-3632601000000.0,-1852079000000.0,-7288831000000.0,-5485337000000.0,-3636267000000.0,-1837852000000.0,-6690067000000.0,,,,,,,,,,,,
3,1.이자수익,31,-3861337000000.0,-15707362000000.0,-11762325000000.0,-7782438000000.0,-3843314000000.0,-13572456000000.0,-9971861000000.0,-6495188000000.0,-3160711000000.0,-11798654000000.0,-8694476000000.0,-5698367000000.0,-2819139000000.0,-11236302000000.0,-8371814000000.0,-5561059000000.0,-2768447000000.0,-11129704000000.0,-8374623000000.0,-5630306000000.0,-2852797000000.0,-12060507000000.0,-9068728000000.0,-6022572000000.0,-2996959000000.0,-12591322000000.0,-9472143000000.0,-6346356000000.0,-3193097000000.0,-13998109000000.0,-10627989000000.0,-7085829000000.0,-3563566000000.0,-13780714000000.0,-10194484000000.0,-6674483000000.0,-3243817000000.0,-12908734000000.0,-321795000000.0,-228334000000.0,-62832000000.0,166038000000.0,198943000000.0,148503000000.0,,,,,,
4,2.이자비용,31,1397905000000.0,5969398000000.0,4509265000000.0,3002039000000.0,1461808000000.0,4992367000000.0,3619833000000.0,2314973000000.0,1102414000000.0,3955701000000.0,2923731000000.0,1914461000000.0,949928000000.0,4030936000000.0,3059056000000.0,2074351000000.0,1053772000000.0,4436771000000.0,3410906000000.0,2343543000000.0,1219098000000.0,5270707000000.0,4010860000000.0,2675265000000.0,1339004000000.0,5986438000000.0,4566546000000.0,3093081000000.0,1586207000000.0,7018391000000.0,5340581000000.0,3570782000000.0,1792057000000.0,6700743000000.0,4898438000000.0,3180599000000.0,1529763000000.0,6436118000000.0,431110000000.0,329877000000.0,11719000000.0,43256000000.0,122457000000.0,143137000000.0,74010000000.0,153776000000.0,284520000000.0,364953000000.0,,
5,3.배당수익,33,-30082000000.0,-82158000000.0,-66755000000.0,-48120000000.0,-20161000000.0,-87826000000.0,-76609000000.0,-61284000000.0,-17908000000.0,-257306000000.0,-201193000000.0,-150450000000.0,-77216000000.0,-281623000000.0,-203660000000.0,-136591000000.0,-83001000000.0,-308277000000.0,-228750000000.0,-165281000000.0,-88769000000.0,-175798000000.0,-145363000000.0,-106793000000.0,-68439000000.0,-155984000000.0,-140530000000.0,-97785000000.0,-74909000000.0,-174325000000.0,-160116000000.0,-117554000000.0,-80570000000.0,-208860000000.0,-189291000000.0,-142383000000.0,-123798000000.0,-217451000000.0,,,,,,,,,,,,
6,(3)현금유출입이없는손익항목,,173397000000.0,4320781000000.0,2945197000000.0,4005477000000.0,1153263000000.0,3136222000000.0,2369228000000.0,1537839000000.0,965595000000.0,4103957000000.0,1700695000000.0,1074996000000.0,115074000000.0,3965799000000.0,2546829000000.0,2031851000000.0,1143163000000.0,3341253000000.0,2279235000000.0,1807026000000.0,942662000000.0,3638054000000.0,2605458000000.0,1352247000000.0,852080000000.0,4003477000000.0,2687969000000.0,1676748000000.0,1120043000000.0,3674918000000.0,2922964000000.0,1976227000000.0,889006000000.0,2343143000000.0,1983130000000.0,1194597000000.0,819927000000.0,2156265000000.0,,,,,,,,,,,,
7,1.수수료손익,,271000000.0,125975000000.0,91714000000.0,685497000000.0,28020000000.0,176932000000.0,131192000000.0,85075000000.0,42870000000.0,169640000000.0,36922000000.0,83705000000.0,42962000000.0,166216000000.0,123514000000.0,77749000000.0,38737000000.0,168313000000.0,121895000000.0,77662000000.0,39793000000.0,166204000000.0,105016000000.0,62625000000.0,33179000000.0,82410000000.0,119242000000.0,-47823000000.0,11882000000.0,39142000000.0,38646000000.0,18837000000.0,94675000000.0,182169000000.0,114162000000.0,4267000000.0,32070000000.0,186778000000.0,,,,,,,,,,,,
8,2.보험손익,,267360000000.0,2098617000000.0,1704245000000.0,1291874000000.0,765575000000.0,2080509000000.0,1628874000000.0,1092706000000.0,540828000000.0,2571094000000.0,1962495000000.0,1313734000000.0,660720000000.0,2779710000000.0,2068528000000.0,1369590000000.0,695683000000.0,2714061000000.0,2030139000000.0,1355600000000.0,681208000000.0,2583739000000.0,1941483000000.0,1304884000000.0,645973000000.0,2764340000000.0,2125912000000.0,1476418000000.0,818570000000.0,3043780000000.0,2143370000000.0,1304581000000.0,678385000000.0,2297723000000.0,1704186000000.0,1179295000000.0,636588000000.0,1879071000000.0,1376723000000.0,950166000000.0,400683000000.0,,,,,,,,,
9,3.당기손익-공정가치측정금융상품관련손익,34,986343000000.0,-427618000000.0,-666669000000.0,-642212000000.0,-804597000000.0,66455000000.0,-155135000000.0,-1211000000.0,53117000000.0,,,,,,,,,,,,,,,,,,,,,,,,,,,,,,,,,,,,,,,,,
10,4.당기손익-공정가치측정금융상품관련손익_당기손익조정접근법,9,-34700000000.0,247585000000.0,246314000000.0,196929000000.0,90380000000.0,-74944000000.0,-92399000000.0,-47398000000.0,-50630000000.0,,,,,,,,,,,,,,,,,,,,,,,,,,,,,,,,,,,,,,,,,
11,5.외환거래손익,,62623000000.0,147952000000.0,145987000000.0,806224000000.0,355889000000.0,377632000000.0,44698000000.0,188972000000.0,51132000000.0,-87384000000.0,-176981000000.0,43557000000.0,-49691000000.0,-248844000000.0,-195388000000.0,72865000000.0,81870000000.0,163417000000.0,141260000000.0,89192000000.0,5521000000.0,31356000000.0,116758000000.0,72193000000.0,-8023000000.0,-2520000000.0,-25483000000.0,77762000000.0,66770000000.0,-86820000000.0,91082000000.0,104381000000.0,-39543000000.0,11293000000.0,150289000000.0,-112109000000.0,6381000000.0,-33715000000.0,-198951000000.0,-34386000000.0,4726000000.0,,,,,,,,,
12,6.당기손익-공정가치측정지정금융상품관련손익,35,-1449181000000.0,33872000000.0,70341000000.0,188922000000.0,565697000000.0,-382667000000.0,-63979000000.0,-198461000000.0,-134166000000.0,,,,,,,,,,,,,,,,,,,,,,,,,,,,,,,,,,,,,,,,,
13,7.기타포괄손익-공정가치측정금융자산처분손익,11,-110259000000.0,-152278000000.0,-130783000000.0,-60135000000.0,-18867000000.0,-20554000000.0,-16378000000.0,-10334000000.0,-5544000000.0,,,,,,,,,,,,,,,,,,,,,,,,,,,,,,,,,,,,,,,,,
14,8.상각후원가측정금융상품처분손익,11,8000000.0,-66000000.0,-61000000.0,-14000000.0,1000000.0,9000000.0,8000000.0,6000000.0,3000000.0,,,,,,,,,,,,,,,,,,,,,,,,,,,,,,,,,,,,,,,,,
15,9.신용손실충당금전입액,36,283914000000.0,980692000000.0,791348000000.0,548858000000.0,257390000000.0,747877000000.0,577934000000.0,353961000000.0,179527000000.0,,,,,,,,,,,,,,,,,,,,,,,,,,,,,,,,,,,,,,,,,
16,10.종업원급여,25,44375000000.0,188313000000.0,147852000000.0,101586000000.0,52310000000.0,155672000000.0,127504000000.0,110668000000.0,56859000000.0,232709000000.0,144442000000.0,95392000000.0,48071000000.0,203639000000.0,,,,185222000000.0,,,,143330000000.0,,,,80600000000.0,124210000000.0,79688000000.0,37559000000.0,146501000000.0,,71131000000.0,,,,,,,,,,,,,,,,,,
17,11.감가상각비및기타상각비,37,186228000000.0,677152000000.0,499799000000.0,327383000000.0,160064000000.0,301916000000.0,221567000000.0,142311000000.0,68835000000.0,253344000000.0,188811000000.0,126854000000.0,65490000000.0,259941000000.0,198026000000.0,134201000000.0,67656000000.0,278882000000.0,202422000000.0,134861000000.0,67356000000.0,312966000000.0,236447000000.0,158202000000.0,79594000000.0,319730000000.0,238875000000.0,156249000000.0,75686000000.0,298836000000.0,221923000000.0,143362000000.0,70846000000.0,287734000000.0,215224000000.0,141917000000.0,70609000000.0,304398000000.0,231498000000.0,156277000000.0,80063000000.0,,,,,,,,,
18,12.기타영업손익,39,-41443000000.0,305781000000.0,111303000000.0,590290000000.0,-279285000000.0,-278274000000.0,7564000000.0,-156391000000.0,176071000000.0,602027000000.0,-552870000000.0,-574731000000.0,-614229000000.0,70236000000.0,-255818000000.0,-84897000000.0,-98502000000.0,-623639000000.0,-611730000000.0,-152647000000.0,-104967000000.0,-213139000000.0,-347257000000.0,-216099000000.0,-39573000000.0,61074000000.0,-47054000000.0,-149256000000.0,-2043000000.0,-534076000000.0,-152522000000.0,246529000000.0,22655000000.0,-586604000000.0,-253137000000.0,48479000000.0,-78821000000.0,-327534000000.0,247018000000.0,54627000000.0,80342000000.0,,,,,,,,,
19,13.관계회사이익에대한지분,15,-17307000000.0,-53287000000.0,-30691000000.0,-29364000000.0,-18722000000.0,-17488000000.0,-41271000000.0,-18038000000.0,-13574000000.0,-20393000000.0,-19474000000.0,-13649000000.0,395000000.0,-9995000000.0,-5890000000.0,-3760000000.0,-2564000000.0,,-13979000000.0,-10405000000.0,-1946000000.0,-30580000000.0,-31210000000.0,-16802000000.0,-8488000000.0,-7286000000.0,-2143000000.0,361000000.0,-2078000000.0,-27538000000.0,-19733000000.0,-12994000000.0,-9279000000.0,-57790000000.0,-32850000000.0,,-12824000000.0,-15322000000.0,-8240000000.0,-3636000000.0,,,,,,,,,,
20,14.기타영업외손익,40,-4835000000.0,148091000000.0,-35502000000.0,-361000000.0,-592000000.0,3147000000.0,-951000000.0,-4027000000.0,267000000.0,-29080000000.0,-20290000000.0,1597000000.0,829000000.0,598000000.0,-1494000000.0,-2961000000.0,554000000.0,-18463000000.0,-2406000000.0,1688000000.0,-3023000000.0,-117933000000.0,-5734000000.0,-9707000000.0,10573000000.0,15510000000.0,2906000000.0,-1788000000.0,1235000000.0,-25126000000.0,29684000000.0,-35046000000.0,,,,,,,,,,,,,,,,,,
21,(4)자산ㆍ부채의증감,,-1560752000000.0,-544938000000.0,2914787000000.0,-2317380000000.0,-80165000000.0,-12618248000000.0,-5757770000000.0,-5689070000000.0,-1829310000000.0,-6097440000000.0,-5111231000000.0,-4010130000000.0,-575201000000.0,-2629568000000.0,-1578483000000.0,-1905658000000.0,-1492284000000.0,-2401949000000.0,-2409993000000.0,-3656135000000.0,-3937451000000.0,-7107990000000.0,-6076658000000.0,-407849000000.0,-3596251000000.0,-7087410000000.0,-5809421000000.0,-6680511000000.0,-7057243000000.0,3638459000000.0,-1724963000000.0,518657000000.0,-1070467000000.0,-4173680000000.0,-1985302000000.0,-4615118000000.0,846765000000.0,-3293920000000.0,-1650890000000.0,2248036000000.0,6340529000000.0,,,,,,,,,
22,1.상각후원가측정예치금,,-2531901000000.0,-10059356000000.0,-5245216000000.0,-8061660000000.0,-4861435000000.0,6024743000000.0,5603407000000.0,1840314000000.0,4177394000000.0,,,,,,,,,,,,,,,,,,,,,,,,,,,,,,,,,,,,,,,,,
23,2.당기손익-공정가치측정유가증권,,-2940786000000.0,-3977211000000.0,-847619000000.0,,-1356034000000.0,-3082516000000.0,-400231000000.0,,,,,,,,,,,,,,,,,,,,,,,,,,,,,,,,,,,,,,,,,,,
24,3.당기손익-공정가치측정예치금,,226826000000.0,73904000000.0,-25030000000.0,-89706000000.0,-32245000000.0,-82014000000.0,-89438000000.0,-76836000000.0,-34781000000.0,,,,,,,,,,,,,,,,,,,,,,,,,,,,,,,,,,,,,,,,,
25,4.당기손익-공정가치측정대출채권,,-169511000000.0,-943321000000.0,-78913000000.0,267497000000.0,68528000000.0,-422326000000.0,-71518000000.0,-34809000000.0,-150607000000.0,,,,,,,,,,,,,,,,,,,,,,,,,,,,,,,,,,,,,,,,,
26,5.당기손익-공정가치측정지정금융상품,,717634000000.0,847715000000.0,219511000000.0,261653000000.0,-374739000000.0,723037000000.0,459856000000.0,84565000000.0,238335000000.0,,,,,,,,,,,,,,,,,,,,,,,,,,,,,,,,,,,,,,,,,
27,6.파생상품,,2619116000000.0,58532000000.0,-487792000000.0,-293661000000.0,-95314000000.0,203006000000.0,217652000000.0,276794000000.0,327207000000.0,-488706000000.0,-231499000000.0,-195164000000.0,46248000000.0,-340831000000.0,-295008000000.0,-241518000000.0,-183306000000.0,-382276000000.0,-329377000000.0,-274169000000.0,-238421000000.0,-261032000000.0,-60936000000.0,-86303000000.0,-38597000000.0,23171000000.0,111964000000.0,104995000000.0,-3339000000.0,301268000000.0,572958000000.0,401100000000.0,83500000000.0,195134000000.0,524556000000.0,12154000000.0,54859000000.0,878527000000.0,-256306000000.0,-150224000000.0,-300870000000.0,,,,,,,,,
28,7.상각후원가측정대출채권,,-9409818000000.0,-18831825000000.0,-12067047000000.0,-7809386000000.0,-5339968000000.0,-27547413000000.0,-18180448000000.0,-13450539000000.0,-5090102000000.0,,,,,,,,,,,,,,,,,,,,,,,,,,,,,,,,,,,,,,,,,
29,8.기타자산,,-9948984000000.0,-4452651000000.0,-11377913000000.0,-9258579000000.0,-4652352000000.0,-5177725000000.0,-13728508000000.0,-11824280000000.0,-8450407000000.0,-250806000000.0,-6446992000000.0,-6108925000000.0,-2904936000000.0,-4627748000000.0,-7546312000000.0,-9933809000000.0,-2796828000000.0,-3562267000000.0,-5297729000000.0,-7586328000000.0,-4187074000000.0,-2012074000000.0,-6559095000000.0,-2397462000000.0,-1454585000000.0,-65799000000.0,-2030177000000.0,-7930684000000.0,-4353191000000.0,-3232456000000.0,-6834759000000.0,-4904595000000.0,-2243952000000.0,-1036742000000.0,-5695883000000.0,-8941862000000.0,-2932431000000.0,-645520000000.0,-4758825000000.0,-1549178000000.0,-1766778000000.0,,,,,,,,,
30,9.예수부채,,12955064000000.0,29123272000000.0,17264009000000.0,13915341000000.0,7505969000000.0,16699467000000.0,11936159000000.0,10902257000000.0,2667017000000.0,15632957000000.0,12391126000000.0,3437097000000.0,199299000000.0,16771470000000.0,15651219000000.0,8712324000000.0,1389258000000.0,23246539000000.0,14249914000000.0,7311131000000.0,2313863000000.0,14994221000000.0,10298400000000.0,8124702000000.0,1366430000000.0,5825422000000.0,5410711000000.0,3902523000000.0,1592866000000.0,8444336000000.0,7729688000000.0,2333642000000.0,3980999000000.0,12941911000000.0,10589789000000.0,3359652000000.0,5511464000000.0,4984857000000.0,7723403000000.0,7601097000000.0,6719005000000.0,,,,,,,,,
31,10.확정급여순부채,,,-263882000000.0,,,,-145639000000.0,,,,,,,,,,,,,,,,,,,,,,,,,,,,,,,,,,,,,,,,,,,,
32,11.충당부채,,-7325000000.0,28380000000.0,25432000000.0,34663000000.0,6973000000.0,14542000000.0,-64993000000.0,-25266000000.0,-18425000000.0,-69584000000.0,-57709000000.0,-40004000000.0,-16990000000.0,-77514000000.0,-55295000000.0,-138050000000.0,-119186000000.0,-71272000000.0,-52099000000.0,-33308000000.0,-15485000000.0,-128531000000.0,-118133000000.0,-69568000000.0,-39724000000.0,-105796000000.0,-39671000000.0,-40982000000.0,-111633000000.0,-154851000000.0,142706000000.0,123535000000.0,-14207000000.0,-19564000000.0,-14088000000.0,-18396000000.0,-634000000.0,-126058000000.0,-34963000000.0,-23397000000.0,-23406000000.0,,,,,,,,,
33,12.기타부채,,6957535000000.0,7851505000000.0,15632294000000.0,9930296000000.0,9078190000000.0,174590000000.0,8610896000000.0,8927188000000.0,5352562000000.0,4845053000000.0,10592373000000.0,8407148000000.0,8782547000000.0,-2333634000000.0,5907911000000.0,6277205000000.0,3556365000000.0,3578899000000.0,5431213000000.0,7822455000000.0,4291855000000.0,3079941000000.0,8777770000000.0,5355872000000.0,2712684000000.0,-2315596000000.0,3595982000000.0,5821771000000.0,3022688000000.0,6530566000000.0,9751227000000.0,4690113000000.0,-593642000000.0,-298829000000.0,5934161000000.0,9729120000000.0,4868807000000.0,1727005000000.0,4187228000000.0,1795445000000.0,3177996000000.0,,,,,,,,,
34,(5)법인세의납부,,-143744000000.0,-1130148000000.0,-910393000000.0,-656675000000.0,-201540000000.0,-850696000000.0,-625720000000.0,-485172000000.0,-103047000000.0,-664286000000.0,-515349000000.0,-370237000000.0,-6119000000.0,-561604000000.0,-489640000000.0,-194231000000.0,-41380000000.0,-640393000000.0,-580422000000.0,-355747000000.0,-87362000000.0,-667784000000.0,-548932000000.0,-321014000000.0,-122288000000.0,-695725000000.0,-646554000000.0,-406130000000.0,-89391000000.0,-1074846000000.0,-1022632000000.0,-676271000000.0,-106636000000.0,-651914000000.0,-783241000000.0,-584463000000.0,-270992000000.0,-635480000000.0,,,,,,,,,,,,
35,(6)이자의수취,,3931965000000.0,15200114000000.0,11321752000000.0,7345410000000.0,3644129000000.0,13208601000000.0,9617724000000.0,6240734000000.0,3100517000000.0,11425960000000.0,8408923000000.0,5566410000000.0,2620721000000.0,11109313000000.0,8321858000000.0,5505952000000.0,2722729000000.0,10921869000000.0,8243699000000.0,5527983000000.0,2822002000000.0,11732050000000.0,8976884000000.0,5667159000000.0,2997267000000.0,12499754000000.0,8811513000000.0,6150465000000.0,3142390000000.0,13569246000000.0,10061601000000.0,6785557000000.0,3361526000000.0,13273499000000.0,10029762000000.0,6403904000000.0,3154621000000.0,12447767000000.0,,,,,,,,,,,,
36,(7)이자의지급,,-1440309000000.0,-5793865000000.0,-4039920000000.0,-2705130000000.0,-1292665000000.0,-5058596000000.0,-3696399000000.0,-2457965000000.0,-1327358000000.0,-3710093000000.0,-3663610000000.0,-2214018000000.0,-979591000000.0,-4080122000000.0,-3701703000000.0,-2014929000000.0,-1344661000000.0,-4700685000000.0,-4430442000000.0,-3103063000000.0,-1627335000000.0,-5789333000000.0,-4640463000000.0,-5614973000000.0,-1607214000000.0,-5891494000000.0,-5148274000000.0,-3436343000000.0,-1386704000000.0,-6990531000000.0,-5206804000000.0,-3786279000000.0,-1950778000000.0,-6492566000000.0,-4956552000000.0,-3140310000000.0,-1740109000000.0,-6400867000000.0,,,,,,,,,,,,
37,(8)배당금의수취,,33129000000.0,35716000000.0,22586000000.0,55323000000.0,15371000000.0,63826000000.0,54744000000.0,36674000000.0,29962000000.0,265887000000.0,205038000000.0,156568000000.0,66210000000.0,309876000000.0,231237000000.0,164997000000.0,105767000000.0,310852000000.0,232052000000.0,173154000000.0,83412000000.0,212381000000.0,152176000000.0,143873000000.0,64774000000.0,156196000000.0,142517000000.0,98136000000.0,54524000000.0,174475000000.0,160067000000.0,120753000000.0,80221000000.0,208860000000.0,191875000000.0,134132000000.0,95287000000.0,217451000000.0,,,,,,,,,,,,
38,Ⅱ.투자활동으로인한현금흐름,,-1029837000000.0,-22687867000000.0,-18999972000000.0,-12417990000000.0,-6287625000000.0,-5512585000000.0,-4590452000000.0,-1407121000000.0,223532000000.0,-10703638000000.0,-7454210000000.0,-5253738000000.0,-1832573000000.0,-7593874000000.0,-4394786000000.0,-2213259000000.0,-357730000000.0,-5288599000000.0,-2786009000000.0,-1920294000000.0,718707000000.0,960789000000.0,2092300000000.0,2187450000000.0,777684000000.0,3395920000000.0,3663778000000.0,2377526000000.0,2566374000000.0,-2525677000000.0,-1459817000000.0,-45460000000.0,-659103000000.0,-4113602000000.0,-4190845000000.0,-135430000000.0,-2210218000000.0,429061000000.0,-1350329000000.0,-928952000000.0,-3117257000000.0,-98928000000.0,-603877000000.0,-6825162000000.0,-510822000000.0,-11901133000000.0,-1564924000000.0,-6472550000000.0,-9903317000000.0,-1319338770513.0
39,1.당기손익-공정가치측정금융상품의감소,,1478268000000.0,3690283000000.0,2352962000000.0,1896924000000.0,464284000000.0,2150860000000.0,1318586000000.0,4689182000000.0,730111000000.0,,,,,,,,,,,,,,,,,,,,,,,,,,,,,,,,,,,,,,,,,
40,2.당기손익-공정가치측정금융상품의증가,,-1420114000000.0,-6712873000000.0,-4688374000000.0,-2507367000000.0,-487580000000.0,-3290960000000.0,-2310594000000.0,-5293553000000.0,-1081729000000.0,,,,,,,,,,,,,,,,,,,,,,,,,,,,,,,,,,,,,,,,,
41,3.기타포괄손익-공정가치측정유가증권의감소,,16733884000000.0,36334241000000.0,,,7417906000000.0,27074948000000.0,,,,,,,,,,,,,,,,,,,,,,,,,,,,,,,,,,,,,,,,,,,,
42,4.기타포괄손익-공정가치측정유가증권의증가,,,-46908632000000.0,,,,-27037290000000.0,,,,,,,,,,,,,,,,,,,,,,,,,,,,,,,,,,,,,,,,,,,,
43,5.상각후원가측정유가증권의감소,,2065314000000.0,6722627000000.0,,,705099000000.0,2093506000000.0,,,,,,,,,,,,,,,,,,,,,,,,,,,,,,,,,,,,,,,,,,,,
44,6.상각후원가측정유가증권의증가,,,-12209898000000.0,,,,-5836342000000.0,,,,,,,,,,,,,,,,,,,,,,,,,,,,,,,,,,,,,,,,,,,,
45,7.유형자산의처분,"13,40",14780000000.0,51942000000.0,38314000000.0,7063000000.0,4092000000.0,39202000000.0,29181000000.0,28782000000.0,1525000000.0,11459000000.0,11455000000.0,7007000000.0,349000000.0,5793000000.0,3465000000.0,1800000000.0,492000000.0,8760000000.0,925000000.0,1178000000.0,660000000.0,32377000000.0,7343000000.0,5746000000.0,255000000.0,29021000000.0,3243000000.0,10391000000.0,9374000000.0,8017000000.0,991000000.0,1165000000.0,581000000.0,69347000000.0,111450000000.0,39721000000.0,11336000000.0,117401000000.0,239922000000.0,227778000000.0,3502000000.0,69583000000.0,92217000000.0,11728000000.0,99851000000.0,73843000000.0,29546000000.0,610680000000.0,83110000000.0,42304603978.0
46,8.유형자산의취득,13,-58647000000.0,-270386000000.0,-176094000000.0,-38465000000.0,-5557000000.0,-142933000000.0,-79895000000.0,-46601000000.0,-23747000000.0,-155186000000.0,-92684000000.0,-59832000000.0,-19530000000.0,-252084000000.0,-207873000000.0,-175760000000.0,-32019000000.0,-124844000000.0,-55845000000.0,-30130000000.0,-12776000000.0,-182130000000.0,-116070000000.0,-69561000000.0,-31484000000.0,-294003000000.0,-255148000000.0,-176263000000.0,-42401000000.0,-292898000000.0,-187438000000.0,-107297000000.0,-53891000000.0,-302111000000.0,-253694000000.0,-130221000000.0,-47794000000.0,-373515000000.0,-431842000000.0,-342086000000.0,-34595000000.0,240043000000.0,389637000000.0,455519000000.0,569602000000.0,-262037000000.0,188293000000.0,724345000000.0,204780000000.0,105776342730.0
47,9.무형자산의처분,"14,40",1732000000.0,24825000000.0,25104000000.0,1817000000.0,417000000.0,3638000000.0,450000000.0,450000000.0,363000000.0,9286000000.0,6566000000.0,5736000000.0,4198000000.0,8268000000.0,6717000000.0,6289000000.0,1503000000.0,5463000000.0,4288000000.0,3791000000.0,2872000000.0,10275000000.0,21601000000.0,8591000000.0,1896000000.0,8097000000.0,2261000000.0,10909000000.0,7218000000.0,6711000000.0,4207000000.0,2267000000.0,750000000.0,12676000000.0,7674000000.0,4683000000.0,585000000.0,7907000000.0,2492000000.0,,627000000.0,,,17352000000.0,22000000.0,65000000.0,362000000.0,1090000000.0,35000000.0,
48,10.무형자산의취득,14,-103457000000.0,-318930000000.0,-418279000000.0,-200730000000.0,-599771000000.0,-157160000000.0,-98619000000.0,-84501000000.0,-32564000000.0,-111257000000.0,-63511000000.0,-46266000000.0,-20330000000.0,-88876000000.0,-53063000000.0,-30090000000.0,-23963000000.0,-132636000000.0,-106485000000.0,-74906000000.0,-64169000000.0,-62984000000.0,-49410000000.0,-26869000000.0,-12662000000.0,-154407000000.0,-61701000000.0,-41022000000.0,-14033000000.0,-123736000000.0,-91183000000.0,-69554000000.0,-71416000000.0,-168132000000.0,-128567000000.0,-115588000000.0,-77728000000.0,-64568000000.0,-25801000000.0,-11856000000.0,-5631000000.0,77617000000.0,80250000000.0,52023000000.0,22303000000.0,-8503000000.0,9213000000.0,9870000000.0,6821000000.0,231932388.0
49,11.관계기업에대한투자자산의처분,,28331000000.0,182604000000.0,115627000000.0,89405000000.0,76498000000.0,189118000000.0,107595000000.0,69071000000.0,26521000000.0,163649000000.0,136892000000.0,15028000000.0,2110000000.0,67082000000.0,56671000000.0,53117000000.0,5451000000.0,35396000000.0,21507000000.0,3976000000.0,7676000000.0,77592000000.0,73901000000.0,15496000000.0,46603000000.0,27466000000.0,14025000000.0,7221000000.0,7179000000.0,50125000000.0,50368000000.0,46344000000.0,42353000000.0,71827000000.0,18492000000.0,17054000000.0,1429000000.0,17597000000.0,12234000000.0,15697000000.0,2100000000.0,,,,,,,,,
50,12.관계기업에대한투자자산의취득,,-184361000000.0,-669341000000.0,-326683000000.0,-49264000000.0,-106971000000.0,-227914000000.0,-161355000000.0,-99841000000.0,-9602000000.0,-380213000000.0,-314301000000.0,-265397000000.0,-181822000000.0,-145119000000.0,-80417000000.0,-26868000000.0,-11028000000.0,-30927000000.0,-48566000000.0,-16068000000.0,-10799000000.0,-61289000000.0,-54352000000.0,-3635000000.0,-8145000000.0,-55389000000.0,-38038000000.0,-24186000000.0,-3930000000.0,-43353000000.0,-11164000000.0,-7664000000.0,-8860000000.0,-27661000000.0,-31497000000.0,-20984000000.0,-9970000000.0,-117763000000.0,-106175000000.0,-88832000000.0,-33300000000.0,,,,,,,,,
51,13.투자부동산의처분,"16,40",,86422000000.0,83498000000.0,,,15433000000.0,9553000000.0,7016000000.0,446000000.0,4869000000.0,5568000000.0,,,22900000000.0,20140000000.0,14214000000.0,7957000000.0,16171000000.0,18920000000.0,18911000000.0,,676496000000.0,387000000.0,355000000.0,21000000.0,38085000000.0,36400000000.0,21000000.0,,2880000000.0,2880000000.0,2880000000.0,,23037000000.0,2353000000.0,539000000.0,10000000.0,193000000.0,57089000000.0,21258000000.0,8000000.0,,,,,,,,,
52,14.투자부동산의취득,16,-238054000000.0,-2774000000.0,-2181000000.0,-1370000000.0,-124000000.0,-115333000000.0,-115083000000.0,-112451000000.0,-108000000.0,-2125000000.0,-1836000000.0,-644000000.0,-79000000.0,-176204000000.0,-96295000000.0,-94666000000.0,,-10296000000.0,-1730000000.0,-1024000000.0,-500000000.0,-1037000000.0,-1004000000.0,-974000000.0,-910000000.0,-234432000000.0,-232755000000.0,-183111000000.0,-11800000000.0,-296316000000.0,-290993000000.0,-289250000000.0,-14200000000.0,-17000000.0,-17000000.0,,-3850000000.0,,,,-216000000.0,,,,,,,,,
53,15.매각예정자산의처분,,,137000000.0,80000000.0,80000000.0,,4498000000.0,11239000000.0,4498000000.0,1632000000.0,10466000000.0,3322000000.0,3146000000.0,3146000000.0,2213000000.0,1098000000.0,13202000000.0,1674000000.0,88235000000.0,5395000000.0,1525000000.0,997000000.0,232365000000.0,283662000000.0,283298000000.0,1470000000.0,49185000000.0,53232000000.0,48426000000.0,47926000000.0,6489000000.0,6330000000.0,2310000000.0,99000000.0,2047000000.0,5663000000.0,4338000000.0,1968000000.0,,,,2719000000.0,,,,,,,,,
54,16.기타자산의증감,,-36770000000.0,-264585000000.0,-56766000000.0,-10216000000.0,-29333000000.0,-311744000000.0,-282956000000.0,-6924000000.0,-2891000000.0,-10435000000.0,-10486000000.0,15810000000.0,-20645000000.0,48156000000.0,48820000000.0,65806000000.0,58943000000.0,-22173000000.0,87308000000.0,86640000000.0,58346000000.0,-128080000000.0,62192000000.0,41918000000.0,10732000000.0,39509000000.0,-7892000000.0,16900000000.0,50587000000.0,-166593000000.0,-31304000000.0,-20781000000.0,725580000000.0,,,210816000000.0,-83909000000.0,95009000000.0,164404000000.0,-29017000000.0,,,,,,,,,,
55,17.위험회피활동으로인한현금유입,,2847000000.0,19303000000.0,35450000000.0,3728000000.0,1907000000.0,67039000000.0,82393000000.0,62110000000.0,43952000000.0,85616000000.0,76990000000.0,57648000000.0,21842000000.0,27265000000.0,23563000000.0,1929000000.0,680000000.0,5000000000.0,625000000.0,160000000.0,506000000.0,,7833000000.0,3267000000.0,17000000.0,2073000000.0,1276000000.0,1035000000.0,992000000.0,-58000000.0,-58000000.0,62000000.0,,75887000000.0,71678000000.0,56531000000.0,53331000000.0,174772000000.0,69777000000.0,69088000000.0,,,,,,,,,,
56,18.위험회피활동으로인한현금유출,,-55684000000.0,-195900000000.0,-155333000000.0,-92413000000.0,-11410000000.0,-26653000000.0,-36012000000.0,-6200000000.0,-227000000.0,-27629000000.0,-27465000000.0,-12358000000.0,-7078000000.0,-69175000000.0,-51744000000.0,-48784000000.0,-25269000000.0,-63847000000.0,-10200000000.0,-1802000000.0,-2149000000.0,-20980000000.0,-2209000000.0,-1809000000.0,-1139000000.0,-24292000000.0,-4684000000.0,-609000000.0,-292000000.0,36752000000.0,-58000000.0,62000000.0,,75887000000.0,71678000000.0,56531000000.0,53331000000.0,174772000000.0,69777000000.0,69088000000.0,,,,,,,,,,
57,19.사업결합에따른순현금흐름,47,,-2246932000000.0,-2249017000000.0,-2249017000000.0,-1914256000000.0,-4498000000.0,,,,83631000000.0,,,,-4280000000.0,-4280000000.0,,,-163172000000.0,-4499000000.0,,,,,,,385291000000.0,385291000000.0,385291000000.0,385489000000.0,95270000000.0,90010000000.0,90010000000.0,90010000000.0,-103859000000.0,,,,,,,,,,,,,,,,
58,Ⅲ.재무활동으로인한현금흐름,,626787000000.0,15878811000000.0,11547897000000.0,7963993000000.0,3416548000000.0,13806527000000.0,8615886000000.0,5314812000000.0,506552000000.0,10332453000000.0,9397931000000.0,6744602000000.0,1785184000000.0,4844620000000.0,3699362000000.0,1646654000000.0,1550238000000.0,1312750000000.0,3137027000000.0,3177966000000.0,1749419000000.0,686853000000.0,-898034000000.0,-2145402000000.0,1337452000000.0,-1286956000000.0,338697000000.0,2126697000000.0,2229994000000.0,-5521833000000.0,-998970000000.0,-3057140000000.0,854943000000.0,1839814000000.0,2304763000000.0,1249004000000.0,1104230000000.0,-1412967000000.0,-1934737000000.0,-1927177000000.0,-3000631000000.0,2491542000000.0,21892554000000.0,28509741000000.0,17182130000000.0,9694678000000.0,1137158000000.0,6194314000000.0,8146680000000.0,845465292974.0
59,1.신종자본증권의발행,,,199476000000.0,199476000000.0,199476000000.0,,1107838000000.0,1107837000000.0,149633000000.0,,224466000000.0,224420000000.0,,,,,,,199455000000.0,199455000000.0,199455000000.0,,,,,,,,,,298860000000.0,298861000000.0,298861000000.0,,238682000000.0,,,,,,,,,,,,,,,,
60,2.차입부채의순증가,,,5017269000000.0,,,,1772203000000.0,,,,3047844000000.0,3210817000000.0,3732584000000.0,626910000000.0,3389832000000.0,,,,-1557883000000.0,,,,2597817000000.0,,,,,,,,,,,,,,,,,,,,,,,,,,,,
61,3.사채의발행,,3873683000000.0,31083390000000.0,23804123000000.0,16158209000000.0,8821970000000.0,26487712000000.0,18115443000000.0,10880467000000.0,4088703000000.0,20006957000000.0,15608652000000.0,10288590000000.0,3590178000000.0,15916866000000.0,11804024000000.0,6756775000000.0,2804611000000.0,16512720000000.0,12365162000000.0,7322335000000.0,9346535000000.0,10262773000000.0,7151506000000.0,3997443000000.0,1567024000000.0,10338560000000.0,7252682000000.0,4716546000000.0,1690029000000.0,11696281000000.0,8549421000000.0,5591032000000.0,2687215000000.0,13056571000000.0,10138077000000.0,6901633000000.0,2167210000000.0,14071906000000.0,13991747000000.0,6548112000000.0,4159526000000.0,,,,,,,,,
62,4.사채의상환,,-4627441000000.0,-19881717000000.0,-15415358000000.0,-10261440000000.0,-4839877000000.0,-14689246000000.0,-10925443000000.0,-6334726000000.0,-3069616000000.0,-12222815000000.0,-8918361000000.0,-6488341000000.0,-2396164000000.0,-11988965000000.0,-8281320000000.0,-5633918000000.0,-2661765000000.0,-12867244000000.0,-9542383000000.0,-5425637000000.0,-8219831000000.0,-10619073000000.0,-8714154000000.0,-5659326000000.0,-2644407000000.0,-11352135000000.0,-7474879000000.0,-5193667000000.0,-2056113000000.0,-12506217000000.0,-7844197000000.0,-6120542000000.0,-1807732000000.0,-13760022000000.0,-10418585000000.0,-6766180000000.0,-2741131000000.0,-15327621000000.0,-15079923000000.0,-8381085000000.0,-5676985000000.0,,,,,,,,,
63,5.기타부채의증감,,525000000.0,-33619000000.0,-20796000000.0,-13785000000.0,-2941000000.0,528000000.0,776000000.0,-93000000.0,396000000.0,8498000000.0,4248000000.0,4136000000.0,3666000000.0,-824000000.0,-37325000000.0,-28945000000.0,-32634000000.0,-7258000000.0,-10740000000.0,-13167000000.0,110915000000.0,-28842000000.0,-417649000000.0,3774000000.0,-7829000000.0,31893000000.0,111661000000.0,-1029000000.0,-51433000000.0,20996000000.0,23648000000.0,350000000.0,-64599000000.0,,,,,,,,,,,,,,,,,
64,6.배당금의지급,,-55016000000.0,-830772000000.0,-818871000000.0,-789320000000.0,-50947000000.0,-714705000000.0,-702038000000.0,-695909000000.0,-27069000000.0,-706565000000.0,-702036000000.0,-699846000000.0,-42318000000.0,-669103000000.0,-659273000000.0,-649598000000.0,-41062000000.0,-546160000000.0,-536485000000.0,-526643000000.0,-33806000000.0,-399791000000.0,-392190000000.0,-384684000000.0,-28553000000.0,-424014000000.0,-416333000000.0,-408475000000.0,-41176000000.0,-650697000000.0,-643212000000.0,-635727000000.0,-39514000000.0,-585557000000.0,-585520000000.0,-585494000000.0,-36436000000.0,-427571000000.0,-419950000000.0,-419950000000.0,-19356000000.0,245035000000.0,619916000000.0,391708000000.0,385727000000.0,-348477000000.0,245835000000.0,159616000000.0,150359000000.0,484417610.0
65,7.위험회피활동으로인한현금유입,,2847000000.0,1694362000000.0,35450000000.0,3728000000.0,1907000000.0,10675000000.0,82393000000.0,62110000000.0,43952000000.0,85616000000.0,76990000000.0,57648000000.0,21842000000.0,27265000000.0,23563000000.0,1929000000.0,680000000.0,5000000000.0,625000000.0,160000000.0,506000000.0,,7833000000.0,3267000000.0,17000000.0,2073000000.0,1276000000.0,1035000000.0,992000000.0,,,,,,,,,,,,,,,,,,,,,
66,8.위험회피활동으로인한현금유출,,-55684000000.0,-1716320000000.0,-155333000000.0,-92413000000.0,-11410000000.0,-16832000000.0,-36012000000.0,-6200000000.0,-227000000.0,-27629000000.0,-27465000000.0,-12358000000.0,-7078000000.0,-69175000000.0,-51744000000.0,-48784000000.0,-25269000000.0,-63847000000.0,-10200000000.0,-1802000000.0,-2149000000.0,-20980000000.0,-2209000000.0,-1809000000.0,-1139000000.0,-24292000000.0,-4684000000.0,-609000000.0,-292000000.0,,,,,,,,,,,,,,,,,,,,,
67,9자기주식의취득,,,-444077000000.0,,,,-151993000000.0,,,,,,,,,,,,,,,,,,,,,,,,,,,,,,,,,,,,,,,,,,,,
68,10.비지배지분의증감,,17883000000.0,312390000000.0,329659000000.0,273701000000.0,-14911000000.0,347000000.0,-194900000000.0,-189820000000.0,-184806000000.0,215357000000.0,224394000000.0,181779000000.0,-6547000000.0,-451208000000.0,-434042000000.0,-21556000000.0,-21556000000.0,-426808000000.0,-354234000000.0,-340312000000.0,-325710000000.0,-1105051000000.0,-1086988000000.0,-1070338000000.0,-41327000000.0,-379441000000.0,-351980000000.0,-311389000000.0,-568515000000.0,-164874000000.0,-126410000000.0,-88016000000.0,-50194000000.0,-173559000000.0,-128945000000.0,-90582000000.0,-40135000000.0,-168556000000.0,-129596000000.0,-90860000000.0,-40915000000.0,,,,,,,,,
69,11.리스부채의상환,,-67577000000.0,-269362000000.0,-185211000000.0,-120532000000.0,-66891000000.0,,,,,,,,,,,,,,,,,,,,,,,,,,,,,,,,,,,,,,,,,,,,,
70,12.전환우선주의발행,,,747791000000.0,747791000000.0,747791000000.0,,,,,,,,,,,,,,,,,,,,,,,,,,,,,,,,,,,,,,,,,,,,,,
71,Ⅳ.외화표시현금및현금성자산에대한환율변동효과,,29636000000.0,29428000000.0,15729000000.0,-21470000000.0,-60252000000.0,-30640000000.0,-64924000000.0,-10062000000.0,-27143000000.0,-46035000000.0,-40960000000.0,-26340000000.0,-22700000000.0,-22638000000.0,-21280000000.0,18636000000.0,-7726000000.0,8375000000.0,14550000000.0,7890000000.0,1629000000.0,16237000000.0,7971000000.0,-12863000000.0,1663000000.0,3964000000.0,3715000000.0,-373000000.0,-1072000000.0,4316000000.0,-6111000000.0,-4168000000.0,-19594000000.0,-1088000000.0,17622000000.0,-15801000000.0,-161581000000.0,-31489000000.0,77134000000.0,35390000000.0,-25128000000.0,,,,,,,,,
72,Ⅴ.현금및현금성자산의증가,,-596660000000.0,399418000000.0,1650742000000.0,-840390000000.0,-772059000000.0,1943106000000.0,3162740000000.0,1341974000000.0,657139000000.0,604114000000.0,531014000000.0,228989000000.0,530293000000.0,1025285000000.0,1633780000000.0,1005270000000.0,1163616000000.0,-997160000000.0,1091487000000.0,-82834000000.0,-268102000000.0,-416765000000.0,-1102746000000.0,-1032487000000.0,-245386000000.0,1013411000000.0,1218474000000.0,15964000000.0,,1025120000000.0,39953000000.0,216419000000.0,675013000000.0,-863803000000.0,657940000000.0,-594285000000.0,1070129000000.0,215559000000.0,-196129000000.0,2603908000000.0,1833169000000.0,,,,,,,,,
73,Ⅵ.기초의현금및현금성자산,44,8579174000000.0,8179756000000.0,8179756000000.0,8179756000000.0,8179756000000.0,6236650000000.0,6236650000000.0,6236650000000.0,6236650000000.0,5632536000000.0,5632536000000.0,5632536000000.0,5632536000000.0,4607251000000.0,4607251000000.0,4607251000000.0,4607251000000.0,5604411000000.0,5604411000000.0,5604411000000.0,5604411000000.0,6021176000000.0,6021176000000.0,6021176000000.0,6021176000000.0,5007765000000.0,5007765000000.0,5007765000000.0,5007765000000.0,3982645000000.0,3982645000000.0,3982645000000.0,3982645000000.0,4833145000000.0,4833145000000.0,4833145000000.0,4833145000000.0,4617586000000.0,4613759000000.0,10819540000000.0,10819540000000.0,,,,,,,,,
74,Ⅶ.기말의현금및현금성자산,44,7982514000000.0,8579174000000.0,,,7407697000000.0,8179756000000.0,,,,6236650000000.0,,,,5632536000000.0,6241031000000.0,5612521000000.0,5770867000000.0,4607251000000.0,6695898000000.0,5521577000000.0,5336309000000.0,5604411000000.0,4918430000000.0,4988689000000.0,5775790000000.0,6021176000000.0,,,,5007765000000.0,4022598000000.0,4199064000000.0,4657658000000.0,3969342000000.0,,,5903274000000.0,4833145000000.0,4417630000000.0,13423448000000.0,12652709000000.0,,,,,,,,,
