,"[D310000] Income statement, by function of expense - Consolidated financial statements (Unit: KRW)","[D310000] Income statement, by function of expense - Consolidated financial statements (Unit: KRW)","[D310000] Income statement, by function of expense - Consolidated financial statements (Unit: KRW)","[D310000] Income statement, by function of expense - Consolidated financial statements (Unit: KRW)","[D310000] Income statement, by function of expense - Consolidated financial statements (Unit: KRW)","[D310000] Income statement, by function of expense - Consolidated financial statements (Unit: KRW)","[D310000] Income statement, by function of expense - Consolidated financial statements (Unit: KRW)",20200101-20200331,20191201-20200331,20190601-20190930,20190301-20190630,20190101-20191231,20190101-20190930,20190101-20190630,20190101-20190331,20181201-20190331,20180601-20180930,20180301-20180630,20180101-20181231,20180101-20180930,20180101-20180630,20180101-20180331,20171201-20180331,20170601-20170930,20170301-20170630,20170101-20171231,20170101-20170930,20170101-20170630,20170101-20170331,20161201-20170331,20160601-20160930,20160301-20160630,20160101-20161231,20160101-20160930,20160101-20160630,20160101-20160331,20151201-20160331,20150601-20150930,20150301-20150630,20150101-20151231,20150101-20150930,20150101-20150630,20150101-20150331,20141201-20150331,20140701-20140930-20140101-20140930,20140601-20140930,20140401-20140630-20140101-20140630,20140301-20140630,20140101-20141231,20140101-20140930,20140101-20140630,20140101-20140331,20131201-20140331,20130701-20130930-20130101-20130930,20130601-20130930,20130401-20130630-20130101-20130630,20130301-20130630,20130101-20131231,20130101-20130331,20120701-20120930-20120101-20120930,20120601-20120930,20120401-20120630-20120101-20120630,20120301-20120630,20120101-20121231,20120101-20120331,20110701-20110930-20110101-20110930,20110601-20110930,20110401-20110630-20110101-20110630,20110301-20110630,20110101-20111231,20110101-20110331,20100701-20100930-20100101-20100930,20100601-20100930,20100401-20100630-20100101-20100630,20100301-20100630,20100101-20101231,20100101-20100331,20090701-20090930-20090101-20090930,20090601-20090930,20090401-20090630-20090101-20090630,20090301-20090630,20090101-20091231,20090101-20090331,20080101-20081231,20070101-20071231,20060101-20061231,20050101-20051231,20040101-20041231,20030101-20031231,20020101-20021231,20010101-20011231,20000101-20001231,19990101-19991231,19980101-19981231,19970101-19971231,19960101-19961231
,concept_id,label_ko,label_en,class0,class1,class2,class3,"('연결재무제표',)","('연결재무제표',)","('연결재무제표',)","('연결재무제표',)","('연결재무제표',)","('연결재무제표',)","('연결재무제표',)","('연결재무제표',)","('연결재무제표',)","('연결재무제표',)","('연결재무제표',)","('연결재무제표',)","('연결재무제표',)","('연결재무제표',)","('연결재무제표',)","('연결재무제표',)","('연결재무제표',)","('연결재무제표',)","('연결재무제표',)","('연결재무제표',)","('연결재무제표',)","('연결재무제표',)","('연결재무제표',)","('연결재무제표',)","('연결재무제표',)","('연결재무제표',)","('연결재무제표',)","('연결재무제표',)","('연결재무제표',)","('연결재무제표',)","('연결재무제표',)","('연결재무제표',)","('연결재무제표',)","('연결재무제표',)","('연결재무제표',)","('연결재무제표',)","('연결재무제표',)","('연결재무제표',)","('연결재무제표',)","('연결재무제표',)","('연결재무제표',)","('연결재무제표',)","('연결재무제표',)","('연결재무제표',)","('연결재무제표',)","('연결재무제표',)","('연결재무제표',)","('연결재무제표',)","('연결재무제표',)","('연결재무제표',)","('연결재무제표',)","('연결재무제표',)","('연결재무제표',)","('연결재무제표',)","('연결재무제표',)","('연결재무제표',)","('연결재무제표',)","('연결재무제표',)","('연결재무제표',)","('연결재무제표',)","('연결재무제표',)","('연결재무제표',)","('연결재무제표',)","('연결재무제표',)","('연결재무제표',)","('연결재무제표',)","('연결재무제표',)","('연결재무제표',)","('연결재무제표',)","('연결재무제표',)","('연결재무제표',)","('연결재무제표',)","('연결재무제표',)","('연결재무제표',)","('연결재무제표',)","('연결재무제표',)","('연결재무제표',)","('연결재무제표',)","('연결재무제표',)","('연결재무제표',)","('연결재무제표',)","('연결재무제표',)","('연결재무제표',)","('연결재무제표',)","('연결재무제표',)","('연결재무제표',)","('연결재무제표',)","('연결재무제표',)","('연결재무제표',)"
0,ifrs-full_Revenue,매출 및 지분법 손익,Revenue(Sales),손익계산서 [abstract],매출 및 지분법 손익,,,1585377000000.0,1585377000000.0,1675344000000.0,1619631000000.0,6575339000000.0,4922240000000.0,3246896000000.0,1627265000000.0,1627265000000.0,1899630000000.0,1911046000000.0,7743355000000.0,5692821000000.0,3793191000000.0,1882145000000.0,1882145000000.0,2970211000000.0,2854058000000.0,7819282000000.0,8412878000000.0,5442667000000.0,2588609000000.0,2588609000000.0,2441150000000.0,2473321000000.0,9673887000000.0,7023691000000.0,4622075000000.0,2148754000000.0,2148754000000.0,2590265000000.0,2415080000000.0,9965365000000.0,7158043000000.0,4569027000000.0,2153947000000.0,2153947000000.0,6899444000000.0,2407787000000.0,4491657000000.0,2409242000000.0,9865402000000.0,6899444000000.0,4491657000000.0,2082415000000.0,2082415000000.0,6938074000000.0,2366710000000.0,4571364000000.0,2454589000000.0,9799213000000.0,2116775000000.0,6995128000000.0,2394914000000.0,4600214000000.0,2530009000000.0,9695204000000.0,2104174000000.0,7236630000000.0,2309079000000.0,4927551000000.0,2655927000000.0,10059024000000.0,2271624000000.0,6851591000000.0,2264303000000.0,4587288000000.0,2524811000000.0,9480201000000.0,2062477000000.0,,,,,,1371514000000.0,,,,,,,,,,,,,
1,ifrs-full_RevenueFromSaleOfGoods,제품및상품매출,Revenue(Saels) from sale of goods,손익계산서 [abstract],매출 및 지분법 손익,제품및상품매출,,97532000000.0,97532000000.0,182803000000.0,194798000000.0,763966000000.0,487573000000.0,304770000000.0,109972000000.0,109972000000.0,147908000000.0,127141000000.0,688320000000.0,369735000000.0,221827000000.0,94686000000.0,94686000000.0,,,738887000000.0,,,1005196000000.0,1005196000000.0,,1081020000000.0,4378680000000.0,,2076006000000.0,994986000000.0,994986000000.0,1301522000000.0,1217524000000.0,5250038000000.0,3690195000000.0,2388673000000.0,1171149000000.0,1171149000000.0,3842471000000.0,1346666000000.0,2495805000000.0,1304636000000.0,5458392000000.0,3842471000000.0,2495805000000.0,1191169000000.0,1191169000000.0,3875041000000.0,1278109000000.0,2596932000000.0,1380611000000.0,5452982000000.0,1216321000000.0,3716409000000.0,1299222000000.0,2417187000000.0,1309897000000.0,5352248000000.0,1121273000000.0,3883438000000.0,1313232000000.0,2570206000000.0,1390804000000.0,5495807000000.0,1179402000000.0,3340331000000.0,1189160000000.0,2151171000000.0,1187721000000.0,4868655000000.0,963450000000.0,2604913000000.0,947256000000.0,1657657000000.0,928082000000.0,3907002000000.0,729575000000.0,,,,,,,,,,,,,
2,ifrs-full_RevenueFromRenderingOfServices,용역매출,Revenue(Sales) from rendering of services,손익계산서 [abstract],매출 및 지분법 손익,용역매출,,441252000000.0,441252000000.0,489757000000.0,437538000000.0,1926718000000.0,1378706000000.0,888949000000.0,451411000000.0,451411000000.0,764279000000.0,458254000000.0,1976270000000.0,2333400000000.0,936848000000.0,478594000000.0,478594000000.0,,,1946865000000.0,,,523685000000.0,523685000000.0,,498615000000.0,1919963000000.0,,991458000000.0,492843000000.0,492843000000.0,580672000000.0,505412000000.0,2147916000000.0,1563172000000.0,983738000000.0,478326000000.0,478326000000.0,1416253000000.0,489520000000.0,926733000000.0,488682000000.0,1982884000000.0,1416253000000.0,926733000000.0,438051000000.0,438051000000.0,1322217000000.0,461781000000.0,860436000000.0,443481000000.0,1872605000000.0,416955000000.0,1328747000000.0,446252000000.0,882495000000.0,486271000000.0,1831071000000.0,396430000000.0,1188239000000.0,412635000000.0,775604000000.0,410542000000.0,1652873000000.0,365062000000.0,1086399000000.0,389203000000.0,697196000000.0,373711000000.0,1444259000000.0,323485000000.0,904042000000.0,334671000000.0,569371000000.0,299963000000.0,1260682000000.0,269408000000.0,,,,,,,,,,,,,
3,ifrs-full_RevenueFromConstructionContracts,건설형계약매출,Revenue(Sales) from construction contracts,손익계산서 [abstract],매출 및 지분법 손익,건설형계약매출,,405705000000.0,405705000000.0,645549000000.0,692923000000.0,2898931000000.0,1918806000000.0,1273257000000.0,580334000000.0,580334000000.0,476064000000.0,838079000000.0,3343915000000.0,1412912000000.0,1569121000000.0,731042000000.0,731042000000.0,,,3101091000000.0,,,454997000000.0,454997000000.0,,486799000000.0,2165172000000.0,,798945000000.0,312146000000.0,312146000000.0,357994000000.0,325719000000.0,1440577000000.0,948956000000.0,590973000000.0,265254000000.0,265254000000.0,778087000000.0,275810000000.0,502277000000.0,288516000000.0,1447442000000.0,778087000000.0,502277000000.0,213761000000.0,213761000000.0,867086000000.0,337234000000.0,529852000000.0,294769000000.0,1419587000000.0,235083000000.0,1023151000000.0,334826000000.0,688325000000.0,435991000000.0,1531765000000.0,272114000000.0,1330191000000.0,418797000000.0,911394000000.0,502333000000.0,1902328000000.0,409061000000.0,997737000000.0,371617000000.0,626120000000.0,353472000000.0,1605578000000.0,272648000000.0,704057000000.0,252960000000.0,451097000000.0,251638000000.0,1110133000000.0,199459000000.0,,,,,,,,,,,,,
4,entity00120021_udf_IS_2018858363818_Revenue,지분법손익,Equity income,손익계산서 [abstract],매출 및 지분법 손익,지분법손익,,532777000000.0,532777000000.0,227200000000.0,163999000000.0,498945000000.0,768014000000.0,540814000000.0,376815000000.0,376815000000.0,387141000000.0,366860000000.0,1269966000000.0,1227278000000.0,840137000000.0,473277000000.0,473277000000.0,385026000000.0,443091000000.0,1577093000000.0,1332245000000.0,947219000000.0,504128000000.0,504128000000.0,183890000000.0,303755000000.0,807323000000.0,745942000000.0,562052000000.0,258297000000.0,258297000000.0,241054000000.0,258518000000.0,719866000000.0,646487000000.0,405433000000.0,146915000000.0,146915000000.0,564590000000.0,189215000000.0,375375000000.0,226034000000.0,574095000000.0,564590000000.0,375375000000.0,149341000000.0,149341000000.0,577603000000.0,188401000000.0,389202000000.0,231424000000.0,661285000000.0,157778000000.0,644212000000.0,215048000000.0,429164000000.0,195202000000.0,591342000000.0,233962000000.0,577407000000.0,73331000000.0,504076000000.0,261097000000.0,661115000000.0,242979000000.0,1176318000000.0,229541000000.0,946777000000.0,513188000000.0,1228798000000.0,433589000000.0,1176512000000.0,511455000000.0,665057000000.0,578630000000.0,1401857000000.0,86427000000.0,,,,,,,,,,,,,
5,ifrs-full_OtherRevenue,기타매출,Other revenue(Sales),손익계산서 [abstract],매출 및 지분법 손익,기타매출,,108111000000.0,108111000000.0,130035000000.0,130373000000.0,486779000000.0,369141000000.0,239106000000.0,108733000000.0,108733000000.0,124238000000.0,120712000000.0,464884000000.0,349496000000.0,225258000000.0,104546000000.0,104546000000.0,,,455346000000.0,,,100603000000.0,100603000000.0,,103132000000.0,402749000000.0,,193614000000.0,90482000000.0,90482000000.0,109023000000.0,107907000000.0,406968000000.0,309233000000.0,200210000000.0,92303000000.0,92303000000.0,298043000000.0,106576000000.0,191467000000.0,101374000000.0,402589000000.0,298043000000.0,191467000000.0,90093000000.0,90093000000.0,296127000000.0,101185000000.0,194942000000.0,104304000000.0,392754000000.0,90638000000.0,282609000000.0,99566000000.0,183043000000.0,102648000000.0,388778000000.0,80395000000.0,257355000000.0,91084000000.0,166271000000.0,91151000000.0,346901000000.0,75120000000.0,250806000000.0,84782000000.0,166024000000.0,96719000000.0,332911000000.0,69305000000.0,247033000000.0,81882000000.0,165151000000.0,78506000000.0,320134000000.0,86645000000.0,,,,,,,,,,,,,
6,ifrs-full_CostOfSales,매출원가,Cost of sales,손익계산서 [abstract],매출원가,,,887867000000.0,887867000000.0,1232325000000.0,1267575000000.0,5216657000000.0,3591716000000.0,2359391000000.0,1091816000000.0,1091816000000.0,1339670000000.0,1362213000000.0,5619366000000.0,3929313000000.0,2589643000000.0,1227430000000.0,1227430000000.0,2301238000000.0,2192134000000.0,5524321000000.0,6388521000000.0,4087283000000.0,1895149000000.0,1895149000000.0,2017093000000.0,1963456000000.0,7960838000000.0,5653770000000.0,3673150000000.0,1718948000000.0,1718948000000.0,2088618000000.0,1959719000000.0,8338210000000.0,5886727000000.0,3799353000000.0,1839634000000.0,1839634000000.0,5776810000000.0,1999646000000.0,3777164000000.0,2005463000000.0,8361929000000.0,5776810000000.0,3777164000000.0,1771701000000.0,1771701000000.0,5761358000000.0,1966118000000.0,3795240000000.0,2011647000000.0,8184718000000.0,1783593000000.0,5640101000000.0,1939665000000.0,3700436000000.0,2060247000000.0,8045617000000.0,1678747000000.0,5915329000000.0,1945853000000.0,3969476000000.0,2149862000000.0,8277040000000.0,1819614000000.0,4932050000000.0,1758516000000.0,3173534000000.0,1733329000000.0,7168979000000.0,1440205000000.0,4013599000000.0,1458003000000.0,2555596000000.0,1381616000000.0,5870192000000.0,1173980000000.0,67835678000000.0,58247909000000.0,53015390000000.0,48039187000000.0,51791563000000.0,43236379000000.0,16113268000000.0,1213098816000.0,4802643226000.0,3752812403000.0,3510038678.0,3273551052.0,2743650617000.0
7,ifrs-full_GrossProfit,매출총이익,Gross profit,손익계산서 [abstract],매출총이익,,,697510000000.0,697510000000.0,443019000000.0,352056000000.0,1358682000000.0,1330524000000.0,887505000000.0,535449000000.0,535449000000.0,559960000000.0,548833000000.0,2123989000000.0,1763508000000.0,1203548000000.0,654715000000.0,654715000000.0,668973000000.0,661924000000.0,2294961000000.0,2024357000000.0,1355384000000.0,693460000000.0,693460000000.0,424057000000.0,509865000000.0,1713049000000.0,1369921000000.0,948925000000.0,429806000000.0,429806000000.0,501647000000.0,455361000000.0,1627155000000.0,1271316000000.0,769674000000.0,314313000000.0,314313000000.0,1122634000000.0,408141000000.0,714493000000.0,403779000000.0,1503473000000.0,1122634000000.0,714493000000.0,310714000000.0,310714000000.0,1176716000000.0,400592000000.0,776124000000.0,442942000000.0,1614495000000.0,333182000000.0,1355027000000.0,455249000000.0,899778000000.0,469762000000.0,1649587000000.0,425427000000.0,1321301000000.0,363226000000.0,958075000000.0,506065000000.0,1781984000000.0,452010000000.0,1919541000000.0,505787000000.0,1413754000000.0,791482000000.0,2311222000000.0,622272000000.0,1622958000000.0,670221000000.0,952737000000.0,755203000000.0,2129616000000.0,197534000000.0,22386806000000.0,18040425000000.0,12604053000000.0,14006936000000.0,18406457000000.0,14912337000000.0,5333559000000.0,486776589000.0,1698140242000.0,1509026622000.0,1430769922.0,1274240213.0,986078766000.0
8,dart_TotalSellingGeneralAdministrativeExpenses,판매비와관리비,Selling general administrative expenses,손익계산서 [abstract],판매비와관리비,,,89768000000.0,89768000000.0,87626000000.0,80950000000.0,334584000000.0,240786000000.0,153160000000.0,72210000000.0,72210000000.0,73735000000.0,61969000000.0,302733000000.0,206552000000.0,132817000000.0,70848000000.0,70848000000.0,94785000000.0,92999000000.0,260544000000.0,265678000000.0,170893000000.0,77894000000.0,77894000000.0,103367000000.0,99607000000.0,,302348000000.0,210486000000.0,111583000000.0,111583000000.0,128300000000.0,113435000000.0,,355867000000.0,227805000000.0,114370000000.0,114370000000.0,,,,,,,,115274000000.0,115274000000.0,,,,,,113001000000.0,329881000000.0,113099000000.0,,,,102963000000.0,327790000000.0,121187000000.0,,,,104038000000.0,268081000000.0,93186000000.0,,,,84812000000.0,241466000000.0,80235000000.0,,,,81069000000.0,15465375000000.0,12969656000000.0,11043617000000.0,10739915000000.0,13260383000000.0,11437429000000.0,4449374000000.0,310786310000.0,948827173000.0,858177590000.0,785711014.0,725562499.0,
9,dart_OperatingIncomeLoss,영업이익(손실),Operating income(loss),손익계산서 [abstract],영업이익(손실),,,607742000000.0,607742000000.0,355393000000.0,271106000000.0,1024098000000.0,1089738000000.0,734345000000.0,463239000000.0,463239000000.0,486225000000.0,486864000000.0,1821256000000.0,1556956000000.0,1070731000000.0,583867000000.0,583867000000.0,574188000000.0,568925000000.0,2034417000000.0,1758679000000.0,1184491000000.0,615566000000.0,615566000000.0,320690000000.0,410258000000.0,1322735000000.0,1067573000000.0,738439000000.0,318223000000.0,318223000000.0,373347000000.0,341926000000.0,1138619000000.0,915449000000.0,541869000000.0,199943000000.0,199943000000.0,773981000000.0,290444000000.0,483537000000.0,288097000000.0,1044108000000.0,773981000000.0,483537000000.0,195440000000.0,195440000000.0,828927000000.0,281613000000.0,547314000000.0,327133000000.0,1153922000000.0,220181000000.0,1025146000000.0,342150000000.0,682996000000.0,354307000000.0,1231546000000.0,322464000000.0,988962000000.0,235188000000.0,753774000000.0,404205000000.0,1351052000000.0,349569000000.0,1565595000000.0,414691000000.0,1150904000000.0,715033000000.0,1859428000000.0,435871000000.0,1382752000000.0,590701000000.0,792051000000.0,674721000000.0,1787934000000.0,117330000000.0,6921431000000.0,5070769000000.0,1560436000000.0,3267021000000.0,5146074000000.0,3474908000000.0,884185000000.0,175990279000.0,749313069000.0,650849032000.0,645058908.0,548677714.0,353791748000.0
10,entity00120021_udf_IS_201711314858423_OperatingIncomeLoss,금융수익,Finance income,손익계산서 [abstract],영업이익(손실),금융수익,,15273000000.0,15273000000.0,10966000000.0,8727000000.0,35168000000.0,27819000000.0,16853000000.0,8126000000.0,8126000000.0,4652000000.0,9990000000.0,34352000000.0,23745000000.0,19093000000.0,9103000000.0,9103000000.0,6277000000.0,5981000000.0,24538000000.0,19806000000.0,13529000000.0,7548000000.0,7548000000.0,5546000000.0,8622000000.0,33030000000.0,24472000000.0,19192000000.0,10570000000.0,10570000000.0,9520000000.0,7753000000.0,34649000000.0,25686000000.0,16176000000.0,8423000000.0,8423000000.0,34512000000.0,6785000000.0,27727000000.0,17659000000.0,38936000000.0,34512000000.0,27727000000.0,10068000000.0,10068000000.0,36848000000.0,10888000000.0,25960000000.0,12111000000.0,50483000000.0,13849000000.0,23010000000.0,5994000000.0,17016000000.0,2343000000.0,50769000000.0,14722000000.0,25385000000.0,1023000000.0,24362000000.0,6581000000.0,34157000000.0,17781000000.0,21497000000.0,6958000000.0,14539000000.0,-1765000000.0,26196000000.0,16304000000.0,40774000000.0,17154000000.0,23620000000.0,7410000000.0,54977000000.0,16210000000.0,,,,,,,,,,,,,
11,entity00120021_udf_IS_20171131491978_OperatingIncomeLoss,금융비용,Finance expenses,손익계산서 [abstract],영업이익(손실),금융비용,,-10024000000.0,-10024000000.0,-10601000000.0,-9685000000.0,43115000000.0,-31160000000.0,-20559000000.0,-10874000000.0,-10874000000.0,-12022000000.0,-10929000000.0,44336000000.0,-32770000000.0,-20748000000.0,-9819000000.0,-9819000000.0,-8880000000.0,-8270000000.0,47274000000.0,-35720000000.0,-26840000000.0,-18570000000.0,-18570000000.0,-19176000000.0,-13739000000.0,58340000000.0,-48882000000.0,-29566000000.0,-15827000000.0,-15827000000.0,-28966000000.0,-24000000000.0,100391000000.0,-76127000000.0,-47277000000.0,-23277000000.0,-23277000000.0,80427000000.0,-24017000000.0,56410000000.0,-30446000000.0,101945000000.0,-80427000000.0,-56410000000.0,-25964000000.0,-25964000000.0,75031000000.0,18077000000.0,56954000000.0,30420000000.0,100175000000.0,26534000000.0,64720000000.0,21584000000.0,43136000000.0,22087000000.0,118421000000.0,21927000000.0,82727000000.0,43494000000.0,39233000000.0,20987000000.0,105579000000.0,18246000000.0,70495000000.0,13871000000.0,56624000000.0,33664000000.0,90732000000.0,22960000000.0,74549000000.0,18975000000.0,55574000000.0,-15000000.0,98051000000.0,55589000000.0,,,,,,,,,,,,,
12,entity00120021_udf_IS_20171131494192_OperatingIncomeLoss,기타영업외수익,Other non-operating incomes,손익계산서 [abstract],영업이익(손실),기타영업외수익,,22814000000.0,22814000000.0,11600000000.0,12908000000.0,52814000000.0,33249000000.0,21649000000.0,8741000000.0,8741000000.0,5837000000.0,6373000000.0,28649000000.0,20982000000.0,15145000000.0,27852000000.0,27852000000.0,423910000000.0,11661000000.0,639166000000.0,634896000000.0,210986000000.0,199325000000.0,199325000000.0,18429000000.0,10434000000.0,58778000000.0,45372000000.0,27116000000.0,16682000000.0,16682000000.0,20932000000.0,10727000000.0,58006000000.0,43068000000.0,22157000000.0,11430000000.0,11430000000.0,31653000000.0,10043000000.0,21610000000.0,13238000000.0,54182000000.0,31653000000.0,21610000000.0,8372000000.0,8372000000.0,43986000000.0,5601000000.0,38385000000.0,19238000000.0,54976000000.0,19147000000.0,43378000000.0,12197000000.0,31181000000.0,16466000000.0,38838000000.0,,,,,,61916000000.0,,,,,,,,,,,,,,289363000000.0,370598000000.0,237368000000.0,272044000000.0,379255000000.0,300769000000.0,364787000000.0,,,,,,
13,entity00120021_udf_IS_20171131495981_OperatingIncomeLoss,기타영업외비용,Other non-operating expenses,손익계산서 [abstract],영업이익(손실),기타영업외비용,,-18876000000.0,-18876000000.0,-16941000000.0,-12640000000.0,57877000000.0,-38240000000.0,-21299000000.0,-8659000000.0,-8659000000.0,-6839000000.0,-10777000000.0,66680000000.0,-32855000000.0,-26016000000.0,-15239000000.0,-15239000000.0,-14490000000.0,-7892000000.0,53746000000.0,-46291000000.0,-31801000000.0,-23909000000.0,-23909000000.0,-17828000000.0,-10653000000.0,65709000000.0,-46967000000.0,-29334000000.0,-18681000000.0,-18681000000.0,-16683000000.0,-10225000000.0,54736000000.0,-40437000000.0,-23754000000.0,-13529000000.0,-13529000000.0,53041000000.0,-28089000000.0,24952000000.0,-17620000000.0,79551000000.0,-53041000000.0,-24952000000.0,-7332000000.0,-7332000000.0,51291000000.0,13578000000.0,37713000000.0,16762000000.0,80177000000.0,20951000000.0,36571000000.0,10019000000.0,26552000000.0,8919000000.0,42728000000.0,18548000000.0,,,,,108019000000.0,,,,,,,,,,,,,,697098000000.0,234478000000.0,412398000000.0,482091000000.0,347860000000.0,134867000000.0,175055000000.0,,,,,,
14,ifrs-full_ProfitLossBeforeTax,법인세비용차감전계속영업이익,Profit (loss) before tax,손익계산서 [abstract],법인세비용차감전계속영업이익,,,616929000000.0,616929000000.0,350417000000.0,270416000000.0,1011088000000.0,1081406000000.0,730989000000.0,460573000000.0,460573000000.0,477853000000.0,481521000000.0,1773241000000.0,1536058000000.0,1058205000000.0,595764000000.0,595764000000.0,981005000000.0,570405000000.0,2597101000000.0,2331370000000.0,1350365000000.0,779960000000.0,779960000000.0,307661000000.0,404922000000.0,1290494000000.0,1041568000000.0,725847000000.0,310967000000.0,310967000000.0,358150000000.0,326181000000.0,1076147000000.0,867639000000.0,509171000000.0,182990000000.0,182990000000.0,706678000000.0,255166000000.0,451512000000.0,270928000000.0,955730000000.0,706678000000.0,451512000000.0,180584000000.0,180584000000.0,783439000000.0,266447000000.0,516992000000.0,311300000000.0,1079029000000.0,205692000000.0,990243000000.0,328738000000.0,661505000000.0,342110000000.0,1160004000000.0,312435000000.0,,,738496000000.0,389588000000.0,1233527000000.0,348908000000.0,,,,,1793285000000.0,,,,,,,,,,,,,,,,,,,,
15,ifrs-full_IncomeTaxExpenseContinuingOperations,계속영업법인세비용,Income tax expense,손익계산서 [abstract],계속영업법인세비용,,,24847000000.0,24847000000.0,9832000000.0,44015000000.0,203919000000.0,92552000000.0,82720000000.0,38705000000.0,38705000000.0,43855000000.0,35734000000.0,-49140000000.0,143036000000.0,99181000000.0,63447000000.0,63447000000.0,162895000000.0,41718000000.0,289461000000.0,242679000000.0,79784000000.0,38066000000.0,38066000000.0,37992000000.0,50571000000.0,187079000000.0,115789000000.0,75219000000.0,24662000000.0,24662000000.0,37722000000.0,28063000000.0,131576000000.0,91691000000.0,53972000000.0,25909000000.0,25909000000.0,67054000000.0,31439000000.0,35615000000.0,18203000000.0,127064000000.0,67054000000.0,35615000000.0,17412000000.0,17412000000.0,74261000000.0,17967000000.0,56294000000.0,45781000000.0,122742000000.0,10513000000.0,108288000000.0,33976000000.0,74312000000.0,42479000000.0,143124000000.0,31897000000.0,78665000000.0,22611000000.0,56054000000.0,16207000000.0,162270000000.0,39847000000.0,142205000000.0,39750000000.0,102455000000.0,57311000000.0,177751000000.0,45144000000.0,116393000000.0,45551000000.0,70842000000.0,50955000000.0,159677000000.0,19887000000.0,,,,306848000000.0,999045000000.0,611889000000.0,147573000000.0,57478494000.0,173355769000.0,169513321000.0,,,
16,ifrs-full_ProfitLossFromContinuingOperations,계속영업이익(손실),Profit (loss) from continuing operations,손익계산서 [abstract],계속영업이익(손실),,,592082000000.0,592082000000.0,340585000000.0,226401000000.0,807169000000.0,988854000000.0,648269000000.0,421868000000.0,421868000000.0,433998000000.0,445787000000.0,1822381000000.0,1393022000000.0,959024000000.0,532317000000.0,532317000000.0,818110000000.0,528687000000.0,2307640000000.0,2088691000000.0,1270581000000.0,741894000000.0,741894000000.0,269669000000.0,354351000000.0,1103415000000.0,925779000000.0,650628000000.0,286305000000.0,286305000000.0,320428000000.0,298118000000.0,944571000000.0,775948000000.0,455199000000.0,157081000000.0,157081000000.0,639624000000.0,223727000000.0,415897000000.0,252725000000.0,828666000000.0,639624000000.0,415897000000.0,163172000000.0,163172000000.0,709178000000.0,248480000000.0,460698000000.0,265519000000.0,956287000000.0,195179000000.0,881955000000.0,294762000000.0,587193000000.0,299631000000.0,1016880000000.0,280538000000.0,852279000000.0,169837000000.0,682442000000.0,373381000000.0,1071257000000.0,309061000000.0,,,,,1615534000000.0,,,,,,,58010000000.0,,,,,,,,,,,,,
17,ifrs-full_ProfitLossFromDiscontinuedOperations,중단영업이익(손실),Profit (loss) from discontinued operations,손익계산서 [abstract],중단영업이익(손실),,,,,291000000.0,294646000000.0,299586000000.0,314908000000.0,325305000000.0,30659000000.0,30659000000.0,26591000000.0,28976000000.0,60516000000.0,98366000000.0,71775000000.0,23719000000.0,23719000000.0,16861000000.0,13503000000.0,127919000000.0,41928000000.0,25067000000.0,11564000000.0,11564000000.0,573000000.0,,,-8476000000.0,,,,,,,,,,,,,,,,,,,,,,,,,,,,,,,,,,,,,,,,,,,,,,,,,,,,,,,,,,,,,,
18,ifrs-full_ProfitLoss,당기순이익(손실),Profit (loss),손익계산서 [abstract],당기순이익(손실),,,592082000000.0,592082000000.0,340585000000.0,226401000000.0,1106755000000.0,988854000000.0,648269000000.0,421868000000.0,421868000000.0,433998000000.0,445787000000.0,1882897000000.0,1393022000000.0,959024000000.0,532317000000.0,532317000000.0,818110000000.0,528687000000.0,2435559000000.0,2088691000000.0,1270581000000.0,741894000000.0,741894000000.0,269669000000.0,354351000000.0,1091258000000.0,925779000000.0,650628000000.0,286305000000.0,286305000000.0,320210000000.0,298118000000.0,943775000000.0,775948000000.0,455199000000.0,157081000000.0,157081000000.0,639624000000.0,223727000000.0,415897000000.0,252725000000.0,828666000000.0,646413000000.0,415897000000.0,163172000000.0,163172000000.0,709178000000.0,248480000000.0,460698000000.0,265519000000.0,956287000000.0,195179000000.0,881955000000.0,294762000000.0,587193000000.0,299631000000.0,1016880000000.0,280538000000.0,852279000000.0,169837000000.0,682442000000.0,373381000000.0,1071257000000.0,309061000000.0,,,,,1615534000000.0,,,,,,1582977000000.0,58010000000.0,2966795000000.0,3647127000000.0,920919000000.0,,,,,,,,,,
19,ifrs-full_ProfitLossAttributableToOwnersOfParent,지배기업의 소유주,"Profit (loss), attributable to owners of parent",손익계산서 [abstract],당기순이익(손실)의 귀속 [abstract],지배기업의 소유주,,589422000000.0,589422000000.0,332966000000.0,515722000000.0,1079949000000.0,1287586000000.0,965308000000.0,449586000000.0,449586000000.0,458515000000.0,468917000000.0,1863881000000.0,1481117000000.0,1022602000000.0,553685000000.0,553685000000.0,821802000000.0,529080000000.0,2395905000000.0,2098714000000.0,1276912000000.0,747832000000.0,747832000000.0,265636000000.0,353859000000.0,1074795000000.0,913651000000.0,648015000000.0,294156000000.0,294156000000.0,316735000000.0,299907000000.0,944189000000.0,784920000000.0,468185000000.0,168278000000.0,168278000000.0,668788000000.0,229522000000.0,439266000000.0,263635000000.0,844548000000.0,668788000000.0,439266000000.0,175631000000.0,175631000000.0,690243000000.0,244800000000.0,445443000000.0,251959000000.0,896117000000.0,193484000000.0,831349000000.0,279715000000.0,551634000000.0,278665000000.0,938163000000.0,272969000000.0,,,,,,,,,,,,,,,,,,,,,,,,,,,,,,,
20,ifrs-full_ProfitLossAttributableToNoncontrollingInterests,비지배지분,"Profit (loss), attributable to non-controlling interests",손익계산서 [abstract],당기순이익(손실)의 귀속 [abstract],비지배지분,,2660000000.0,2660000000.0,7910000000.0,5325000000.0,26806000000.0,16176000000.0,8266000000.0,2941000000.0,2941000000.0,2074000000.0,5846000000.0,19016000000.0,10271000000.0,8197000000.0,2351000000.0,2351000000.0,13169000000.0,13110000000.0,39654000000.0,31905000000.0,18736000000.0,5626000000.0,5626000000.0,4606000000.0,957000000.0,16463000000.0,3652000000.0,-954000000.0,-1911000000.0,-1911000000.0,3475000000.0,-1789000000.0,-414000000.0,-9511000000.0,-12986000000.0,-11197000000.0,-11197000000.0,-22375000000.0,-4951000000.0,-17424000000.0,-6489000000.0,-10284000000.0,-22375000000.0,-17424000000.0,-10935000000.0,-10935000000.0,-54856000000.0,-6999000000.0,-47857000000.0,-32170000000.0,-65254000000.0,-15687000000.0,16468000000.0,4922000000.0,11546000000.0,7278000000.0,23539000000.0,4268000000.0,38810000000.0,6777000000.0,32033000000.0,22730000000.0,51512000000.0,9303000000.0,44626000000.0,30499000000.0,14127000000.0,11588000000.0,72749000000.0,2539000000.0,-31557000000.0,2558000000.0,-34115000000.0,1086000000.0,-14707000000.0,-35201000000.0,,,,,,,,,,,,,
21,entity00120021_udf_IS_201711314188913_EarningsPerShareAbstract,계속영업과 중단영업,Continuing and discontinued operations,손익계산서 [abstract],주당이익(단위 : 원),계속영업과 중단영업,,,,,,,,,,,,,,,,,,,,,,,,,,,,,,,,,,,,,,,,,,,,,,,,,,,,,,,,,,,,,,,,,,,,,,,,,,,,,,,,,,,,,,,,,,
22,entity00120021_udf_IS_2017113141813626_udf_IS_201711314188913_EarningsPerShareAbstract,기본/희석주당순이익,Basic/Diluted earnings (loss) per share,손익계산서 [abstract],주당이익(단위 : 원),계속영업과 중단영업,기본/희석주당순이익,3352.0,3352.0,1895.0,2934.0,6143.0,7325.0,5491.0,2557.0,2557.0,2609.0,2669.0,10603.0,8425.0,5817.0,3149.0,3149.0,4675.0,3010.0,13630.0,11826.0,7314.0,4254.0,,,2013000000.0,6114.0,5197000000.0,3686000000.0,1673000000.0,1673000000.0,1802000000.0,1707000000.0,5371.0,4515000000.0,2713000000.0,956000000.0,956000000.0,3804.0,1306000000.0,2498.0,1500000000.0,4804.0,3781000000.0,2478000000.0,994000000.0,998000000.0,3926.0,1393.0,2533.0,1433.0,5097.0,1100.0,4729.0,1591.0,3137.0,1585.0,5336.0,1552.0,4554.0,901.0,3653.0,1970.0,5769.0,1683.0,7581.0,1922.0,5658.0,3482.0,8735.0,2175.0,7209.0,3084.0,4124.0,3592.0,9115.0,530.0,,,2505.0,,,,,,,,,,
23,entity00120021_udf_IS_2017113141815684_udf_IS_201711314188913_EarningsPerShareAbstract,구형우선주 기본/희석주당순이익,Basic/Diluted earnings (loss) per Preference Share,손익계산서 [abstract],주당이익(단위 : 원),계속영업과 중단영업,구형우선주 기본/희석주당순이익,3402.0,3402.0,1895.0,2934.0,6193.0,7375.0,5541.0,2607.0,2607.0,2609.0,2669.0,10653.0,8475.0,5867.0,3199.0,3199.0,4635.0,3010.0,13680.0,11939.0,7314.0,4254.0,,,2013000000.0,6164.0,5197000000.0,3736000000.0,1673000000.0,1673000000.0,1802000000.0,1707000000.0,5421.0,4465000000.0,2713000000.0,956000000.0,956000000.0,,1306000000.0,,1500000000.0,4854.0,3831000000.0,2548000000.0,998000000.0,998000000.0,,,,,,,,,,,,,,,,,,,,,,,,,,,,,,,,,,,,,,,,,,,
24,entity00120021_udf_IS_2017113141810587_EarningsPerShareAbstract,계속영업,Continuing operations,손익계산서 [abstract],주당이익(단위 : 원),계속영업,,,,,,,,,,,,,,,,,,,,,,,,,,,,,,,,,,,,,,,,,,,,,,,,,,,,,,,,,,,,,,,,,,,,,,,,,,,,,,,,,,,,,,,,,,
25,entity00120021_udf_IS_2017113141818514_udf_IS_2017113141810587_EarningsPerShareAbstract,기본/희석주당순이익,Basic/Diluted earnings (loss) per share,손익계산서 [abstract],주당이익(단위 : 원),계속영업,기본/희석주당순이익,3352.0,3352.0,1895.0,2934.0,4439.0,7325.0,5491.0,2557.0,2557.0,2609.0,2669.0,10293.0,8425.0,5817.0,3149.0,3149.0,4675.0,3010.0,13019.0,11939.0,7264.0,4254.0,,,2013000000.0,,5197000000.0,3686000000.0,1673000000.0,1673000000.0,1802000000.0,1707000000.0,,4465000000.0,2663000000.0,956000000.0,956000000.0,,,,,,,,998000000.0,998000000.0,,,,,,,,,,,,,,,,,,,,,,,,,,,,,,,,,,,,,,,,,,,
26,entity00120021_udf_IS_2017113141822822_udf_IS_2017113141810587_EarningsPerShareAbstract,구형우선주 기본/희석주당순이익,Basic/Diluted earnings (loss) per Preference Share,손익계산서 [abstract],주당이익(단위 : 원),계속영업,구형우선주 기본/희석주당순이익,3402.0,3402.0,1895.0,2934.0,4489.0,7375.0,5541.0,2607.0,2607.0,2609.0,2669.0,10343.0,8475.0,5867.0,3199.0,3199.0,4675.0,3010.0,13069.0,11989.0,7314.0,4304.0,,,2013000000.0,6164.0,5247000000.0,3736000000.0,1723000000.0,1723000000.0,1802000000.0,1707000000.0,5421.0,4515000000.0,2713000000.0,1006000000.0,1006000000.0,,1306000000.0,,1500000000.0,4834.0,3854000000.0,2548000000.0,1044000000.0,1048000000.0,,,,,,,,,,,,,,,,,,,,,,,,,,,,,,,,,,,,,,,,,,,
